Est.,Cave ID,Nombre del Cenote,Municipio,Latitud (DD),Longitud (DD),Zona,Uso,Morfología,Parámetros que NO cumplen la Norma (Secas / Lluvias),Resultados Críticos Observados,Temp (°C) Secas,O2​ dis (mg/L) Secas,Conduc (μS/cm) Secas,Resist (Ω∗cm) Secas,TDS (mg/L) Secas,Salin (ups) Secas,pH Secas,Eh (mV) Secas,Nitratos (μM) Secas,Nitritos (μM) Secas,Amonio (μM) Secas,Fosfatos (μM) Secas,Silicatos (μM) Secas,Temp (°C) Lluvias,O2​ dis (mg/L) Lluvias,Conduc (μS/cm) Lluvias,Resist (Ω∗cm) Lluvias,TDS (mg/L) Lluvias,Salin (ups) Lluvias,pH Lluvias,Eh (mV) Lluvias,Nitratos (μM) Lluvias,Nitritos (μM) Lluvias,Amonio (μM) Lluvias,Fosfatos (μM) Lluvias,Silicatos (μM) Lluvias
1,,Yaal Utzil,Abalá,20.6239,-89.6066,Sur,Recreativo,Abierto,"TDS, Dureza, Bacterias / TDS, Dureza, Bacterias",Niveles muy altos de Naproxeno en secas.,26.10,3.24,1568.00,637.53,1001.00,0.77,6.89,-6.40,5.41,,18.25,,10.45,24.80,2.85,2290.00,436.84,1495.00,1.18,6.43,20.60,7.81,,11.77,105.07,43.99
2,,Chihuo-hol,Abalá,20.6350,-89.6119,Sur,Recreativo,Semi-abierto,"TDS, Dureza, Bacterias / Bacterias",Presencia constante de plaguicidas (Clorpirifos).,25.90,2.45,1513.00,659.48,975.00,0.75,6.77,0.50,4.89,,14.33,,12.11,24.70,3.26,2195.00,455.00,1436.00,1.13,6.77,4.40,8.43,,11.36,101.25,63.99
3,,Ch´e´en Cháak,Tecoh,20.6463,-89.4638,Sur,Recreativo,Cerrado,"TDS, Dureza, Bacterias / Bacterias",Carga bacteriana muy elevada en ambas épocas.,25.80,2.21,1279.00,781.30,819.00,0.62,7.03,-14.40,,,,,,24.40,1.70,2104.00,474.89,1384.50,1.09,6.74,5.70,8.59,1.85,6.78,76.61,19.35
4,,Tza Itzá,Tecoh,20.7304,-89.4660,Sur,Recreativo,Cerrado,"Dureza, Bacterias / Bacterias",Alta concentración de PAHs totales en lluvias.,26.00,2.45,1054.00,948.61,676.00,0.51,6.83,3.50,,,,,,24.60,2.67,1494.00,669.99,981.50,0.75,6.86,1.50,8.55,0.79,10.66,52.42,33.81
5,,San Felipe Cuzamá,Cuzamá,20.7423,-89.3561,Sur,Recreativo,Cerrado,"Dureza, Bacterias / Cumple casi todo",Único cenote que cumplió con bacterias en lluvias.,26.00,2.50,966.00,1033.00,617.50,0.46,6.85,-4.50,,,,,,24.80,2.90,1370.00,729.25,897.00,1.68,6.76,5.00,8.51,0.25,13.75,20.28,26.17
6,,Diana Balché,Cuzamá,20.7419,-89.3269,Sur,Recreativo,Semi-abierto,"Dureza, Aluminio / TDS, Aluminio, Bacterias",Cumplió criterio de enterococos en secas.,24.80,1.78,905.00,1104.00,1591.00,0.45,7.29,-29.60,,,,,,24.60,2.78,1433.00,699.78,936.00,0.72,6.73,6.40,8.64,3.19,20.30,5.49,25.04
7,,Xooch’,Homún,20.7305,-89.3020,Sur,Recreativo,Abierto,"Dureza, Bacterias / Dureza, Bacterias",Presencia importante de cafeína y bacterias humanas.,25.80,3.40,910.00,1099.96,585.00,0.44,7.10,-18.70,,,,,,24.50,3.24,1337.00,877.50,871.00,0.67,6.79,3.70,8.35,0.35,,,41.45
8,,La Noria,Homún,20.7284,-89.2600,Sur,Recreativo,Cerrado,"Dureza, Aluminio, Bacterias / Amonio, Plomo, Bacterias",Superó límite de Plomo en lluvias.,25.70,2.70,954.00,1048.66,611.00,0.46,6.81,-2.30,4.22,0.15,32.44,,9.87,24.60,3.02,1374.00,721.52,903.00,0.69,6.66,9.90,8.36,1.92,,,27.29
9,,Mariposa Azul,Sotuta,20.5341,-89.0380,Sur,Recreativo,Semi-abierto,"Aluminio, Bacterias / Dureza, Bacterias",Presencia de 4 compuestos volátiles (VOCs) en lluvias.,25.20,3.92,635.00,1577.28,416.00,0.31,6.93,-8.90,,,,,,23.80,3.23,896.00,1190.03,598.00,0.45,6.92,-3.20,7.93,,,96.57,17.85
10,,Dzonot Miss,Sotuta,20.5921,-89.0079,Sur,Recreativo,Semi-abierto,"Dureza, Aluminio, Bacterias / Amonio, Aluminio, Bacterias",Superó límite de Amonio en lluvias (33.47 µM).,25.90,4.12,910.00,1097.99,578.50,0.44,7.22,-25.20,3.98,,30.88,,11.23,24.40,2.83,1243.00,804.05,819.00,0.63,6.87,-1.10,8.90,,,93.84,16.73
11,,Saab Tun,Celestún,20.8503,-90.2360,Noroeste,Conservación,Abierto,"TDS, Dureza, Al, Bacterias / TDS, Dureza, Al, Bacterias",Máximo de trihalometanos (THMs) detectado.,25.90,1.65,2694.00,371.28,1722.50,1.36,6.88,-6.00,,,,,,25.60,3.14,3867.00,258.88,2489.50,2.02,6.85,0.20,7.03,1.20,14.13,80.38,35.91
12,,Noh Chunk,Celestún,20.8134,-90.1970,Noroeste,Conservación,Abierto,"TDS, Dureza, Al, Bacterias / TDS, Amonio, Bacterias",Superó límite de Amonio en lluvias (36.52 µM).,32.70,2.61,2160.00,462.86,1222.00,0.94,7.75,-56.30,0.11,,36.52,,63.18,27.70,3.71,2626.00,380.90,1618.50,1.28,7.57,-35.60,0.13,,15.59,54.48,78.00
13,,Yax-Há,Tetiz,20.9597,-89.9300,Noroeste,Recreativo,Abierto,"TDS, Dureza, Al, Bacterias / Bacterias",Niveles extremadamente altos de DEET en lluvias.,26.90,3.89,1343.00,744.08,845.00,0.64,6.89,-6.90,,,,,,24.70,3.05,1917.00,521.62,1254.50,0.98,6.93,-3.90,8.70,,19.60,23.98,5.95
14,,El Pocito,Hunucmá,21.0274,-89.8840,Noroeste,Recreativo,Cerrado,"TDS, Dureza, Al, Bacterias / Bacterias","Récord de enterococos (90,400 UFC/100 mL) en lluvias.",27.30,1.31,1207.00,829.46,747.50,0.57,6.94,-9.70,,,,,,26.40,0.55,1825.00,547.77,1150.00,0.89,6.92,-3.30,8.82,,15.47,7.34,12.61
15,,El gato,Hunucmá,21.0277,-89.8833,Noroeste,Recreativo,Abierto,"TDS, Al, Bacterias / Bacterias",Concentración máxima de Clorpirifos en secas.,26.90,3.21,1196.00,836.17,747.50,0.57,6.98,-11.50,,,,,,25.10,2.10,1770.00,569.21,1137.50,0.88,7.04,-8.80,8.59,,,,19.73
16,,San Juan Campos,Dzilam de Bravo,21.3314,-88.7039,Noreste,Conservación,Abierto,"TDS, Bacterias / Bacterias",Niveles de PAHs superiores a la media.,30.80,7.01,1377.00,727.11,806.00,0.61,8.09,-75.80,,,,,,27.10,4.30,1780.00,561.95,1111.60,0.96,7.87,-50.70,0.18,,16.05,,39.65
17,,Ayim (San Felipe),Dzilam González,21.3458,-88.7111,Noreste,Recreativo,Abierto,Bacterias / Bacterias,Cumplió criterio de enterococos en secas.,30.00,5.44,1168.00,856.20,695.50,0.52,8.14,-78.60,,,,,,27.30,5.42,1596.00,626.63,994.50,0.76,8.11,-62.90,0.20,,,,29.31
18,,Cervera,Dzilam de Bravo,21.3751,-88.8336,Noreste,Recreativo,Abierto,"TDS, Dureza, Al, Bacterias / TDS, Dureza, Amonio, Bacterias",Valores máximos de TDS en ambas épocas.,27.50,3.14,3470.00,287.80,2164.50,1.74,7.09,-18.30,4.55,2.29,31.15,,14.56,25.10,2.27,4909.00,204.30,3178.20,2.61,7.15,-14.10,8.89,3.29,,96.63,24.37
19,,El Tajo,Dzilam de Bravo,21.3600,-88.8984,Noreste,Conservación,Abierto,"Dureza, Al, Fe, Pb, Bacterias / Bacterias",Valores de Hierro y Plomo fuera de norma en secas.,27.60,1.58,780.00,1210.65,507.00,0.80,7.97,-68.40,0.88,,22.41,30.59,58.74,28.60,2.13,1130.00,892.82,682.50,0.51,7.81,-47.80,0.89,,,81.05,85.64
