1,SU-11436,0266391667,2021,1,28,2,4,0,0,930,279,85
1,SU-11436,0266391667,2021,1,28,2,4,0,600,942,280,36
1,SU-11436,0266391667,2021,1,28,2,4,0,1200,952,280,44
1,SU-11436,0266391667,2021,1,28,2,4,0,1800,964,280,50
1,SU-11436,0266391667,2021,1,28,2,4,0,2400,976,280,55
1,SU-11436,0266391667,2021,1,28,2,4,0,3000,990,280,61
1,SU-11436,0266391667,2021,1,28,2,4,0,3600,1003,280,63
1,SU-11436,0266391667,2021,1,28,2,4,0,4200,1016,280,66
1,SU-11436,0266391667,2021,1,28,2,4,0,4800,1026,280,68
1,SU-11436,0266391667,2021,1,28,2,4,0,5400,1035,280,70
1,SU-11436,0266391667,2021,1,28,2,4,0,6000,1040,280,71
1,SU-11436,0266391667,2021,1,28,2,4,0,6600,1043,280,74
1,SU-11436,0266391667,2021,1,28,2,4,0,7200,1045,280,77
1,SU-11436,0266391667,2021,1,28,2,4,0,7800,1045,280,79
1,SU-11436,0266391667,2021,1,28,2,4,0,8400,1046,280,83
1,SU-11436,0266391667,2021,1,28,2,4,0,9000,1048,280,88
1,SU-11436,0266391667,2021,1,28,2,4,0,9600,1049,280,94
1,SU-11436,0266391667,2021,1,28,2,4,0,10200,1049,280,98
1,SU-11436,0266391667,2021,1,28,2,4,0,10800,1050,281,01
1,SU-11436,0266391667,2021,1,28,2,4,0,11400,1050,281,13
1,SU-11436,0266391667,2021,1,28,2,4,0,12000,1050,281,16
1,SU-11436,0266391667,2021,1,28,2,4,0,12600,1052,281,18
1,SU-11436,0266391667,2021,1,28,2,4,0,13200,1052,281,19
1,SU-11436,0266391667,2021,1,28,2,4,0,13800,1053,281,21
1,SU-11436,0266391667,2021,1,28,2,4,0,14400,1054,281,21
1,SU-11436,0266391667,2021,1,28,2,4,0,15000,1055,281,22
1,SU-11436,0266391667,2021,1,28,2,4,0,15600,1056,281,24
1,SU-11436,0266391667,2021,1,28,2,4,0,16200,1057,281,24
1,SU-11436,0266391667,2021,1,28,2,4,0,16800,1059,281,24
1,SU-11436,0266391667,2021,1,28,2,4,0,17400,1062,281,25
1,SU-11436,0266391667,2021,1,28,2,4,0,18000,1065,281,25
1,SU-11436,0266391667,2021,1,28,2,4,0,18600,1067,281,26
1,SU-11436,0266391667,2021,1,28,2,4,0,19200,1070,281,27
1,SU-11436,0266391667,2021,1,28,2,4,0,19800,1073,281,27
1,SU-11436,0266391667,2021,1,28,2,4,0,20400,1076,281,27
1,SU-11436,0266391667,2021,1,28,2,4,0,21000,1080,281,27
1,SU-11436,0266391667,2021,1,28,2,4,0,21600,1084,281,29
1,SU-11436,0266391667,2021,1,28,2,4,0,22200,1087,281,29
1,SU-11436,0266391667,2021,1,28,2,4,0,22800,1090,281,29
1,SU-11436,0266391667,2021,1,28,2,4,0,23400,1093,281,29
1,SU-11436,0266391667,2021,1,28,2,4,0,24000,1096,281,30
1,SU-11436,0266391667,2021,1,28,2,4,0,24600,1099,281,29
1,SU-11436,0266391667,2021,1,28,2,4,0,25200,1101,281,29
1,SU-11436,0266391667,2021,1,28,2,4,0,25800,1104,281,28
1,SU-11436,0266391667,2021,1,28,2,4,0,26400,1107,281,29
1,SU-11436,0266391667,2021,1,28,2,4,0,27000,1109,281,27
1,SU-11436,0266391667,2021,1,28,2,4,0,27600,1111,281,28
1,SU-11436,0266391667,2021,1,28,2,4,0,28200,1113,281,28
1,SU-11436,0266391667,2021,1,28,2,4,0,28800,1115,281,28
1,SU-11436,0266391667,2021,1,28,2,4,0,29400,1119,281,28
1,SU-11436,0266391667,2021,1,28,2,4,0,30000,1122,281,27
1,SU-11436,0266391667,2021,1,28,2,4,0,30600,1124,281,29
1,SU-11436,0266391667,2021,1,28,2,4,0,31200,1126,281,28
1,SU-11436,0266391667,2021,1,28,2,4,0,31800,1128,281,28
1,SU-11436,0266391667,2021,1,28,2,4,0,32400,1130,281,28
1,SU-11436,0266391667,2021,1,28,2,4,0,33000,1133,281,29
1,SU-11436,0266391667,2021,1,28,2,4,0,33600,1133,281,28
1,SU-11436,0266391667,2021,1,28,2,4,0,34200,1135,281,28
1,SU-11436,0266391667,2021,1,28,2,4,0,34800,1137,281,28
1,SU-11436,0266391667,2021,1,28,2,4,0,35400,1139,281,29
1,SU-11436,0266391667,2021,1,28,2,4,0,36000,1140,281,29
1,SU-11436,0266391667,2021,1,28,2,4,0,36600,1142,281,29
1,SU-11436,0266391667,2021,1,28,2,4,0,37200,1143,281,28
1,SU-11436,0266391667,2021,1,28,2,4,0,37800,1144,281,29
1,SU-11436,0266391667,2021,1,28,2,4,0,38400,1146,281,29
1,SU-11436,0266391667,2021,1,28,2,4,0,39000,1147,281,28
1,SU-11436,0266391667,2021,1,28,2,4,0,39600,1147,281,29
1,SU-11436,0266391667,2021,1,28,2,4,0,40200,1148,281,28
1,SU-11436,0266391667,2021,1,28,2,4,0,40800,1149,281,29
1,SU-11436,0266391667,2021,1,28,2,4,0,41400,1150,281,29
1,SU-11436,0266391667,2021,1,28,2,4,0,42000,1150,281,28
1,SU-11436,0266391667,2021,1,28,2,4,0,42600,1151,281,29
1,SU-11436,0266391667,2021,1,28,2,4,0,43200,1152,281,29
1,SU-11436,0266391667,2021,1,28,2,4,0,43800,1153,281,28
1,SU-11436,0266391667,2021,1,28,2,4,0,44400,1153,281,28
1,SU-11436,0266391667,2021,1,28,2,4,0,45000,1153,281,28
1,SU-11436,0266391667,2021,1,28,2,4,0,45600,1153,281,28
1,SU-11436,0266391667,2021,1,28,2,4,0,46200,1153,281,28
1,SU-11436,0266391667,2021,1,28,2,4,0,46800,1154,281,27
1,SU-11436,0266391667,2021,1,28,2,4,0,47400,1154,281,28
1,SU-11436,0266391667,2021,1,28,2,4,0,48000,1154,281,28
1,SU-11436,0266391667,2021,1,28,2,4,0,48600,1153,281,28
1,SU-11436,0266391667,2021,1,28,2,4,0,49200,1153,281,28
1,SU-11436,0266391667,2021,1,28,2,4,0,49800,1153,281,28
1,SU-11436,0266391667,2021,1,28,2,4,0,50400,1153,281,28
1,SU-11436,0266391667,2021,1,28,2,4,0,51000,1151,281,28
1,SU-11436,0266391667,2021,1,28,2,4,0,51600,1152,281,27
1,SU-11436,0266391667,2021,1,28,2,4,0,52200,1151,281,27
1,SU-11436,0266391667,2021,1,28,2,4,0,52800,1151,281,28
1,SU-11436,0266391667,2021,1,28,2,4,0,53400,1150,281,27
1,SU-11436,0266391667,2021,1,28,2,4,0,54000,1150,281,28
1,SU-11436,0266391667,2021,1,28,2,4,0,54600,1149,281,27
1,SU-11436,0266391667,2021,1,28,2,4,0,55200,1148,281,28
1,SU-11436,0266391667,2021,1,28,2,4,0,55800,1148,281,27
1,SU-11436,0266391667,2021,1,28,2,4,0,56400,1146,281,27
1,SU-11436,0266391667,2021,1,28,2,4,0,57000,1147,281,27
1,SU-11436,0266391667,2021,1,28,2,4,0,57600,1145,281,27
1,SU-11436,0266391667,2021,1,28,2,4,0,58200,1144,281,27
1,SU-11436,0266391667,2021,1,28,2,4,0,58800,1143,281,28
1,SU-11436,0266391667,2021,1,28,2,4,0,59400,1142,281,28
1,SU-11436,0266391667,2021,1,28,2,4,0,60000,1142,281,28
1,SU-11436,0266391667,2021,1,28,2,4,0,60600,1140,281,28
1,SU-11436,0266391667,2021,1,28,2,4,0,61200,1140,281,28
1,SU-11436,0266391667,2021,1,28,2,4,0,61800,1139,281,27
1,SU-11436,0266391667,2021,1,28,2,4,0,62400,1137,281,27
1,SU-11436,0266391667,2021,1,28,2,4,0,63000,1137,281,28
1,SU-11436,0266391667,2021,1,28,2,4,0,63600,1136,281,28
1,SU-11436,0266391667,2021,1,28,2,4,0,64200,1135,281,27
1,SU-11436,0266391667,2021,1,28,2,4,0,64800,1134,281,29
1,SU-11436,0266391667,2021,1,28,2,4,0,65400,1132,281,27
1,SU-11436,0266391667,2021,1,28,2,4,0,66000,1132,281,27
1,SU-11436,0266391667,2021,1,28,2,4,0,66600,1131,281,29
1,SU-11436,0266391667,2021,1,28,2,4,0,67200,1131,281,29
1,SU-11436,0266391667,2021,1,28,2,4,0,67800,1129,281,29
1,SU-11436,0266391667,2021,1,28,2,4,0,68400,1129,281,29
1,SU-11436,0266391667,2021,1,28,2,4,0,69000,1128,281,28
1,SU-11436,0266391667,2021,1,28,2,4,0,69600,1127,281,29
1,SU-11436,0266391667,2021,1,28,2,4,0,70200,1127,281,29
1,SU-11436,0266391667,2021,1,28,2,4,0,70800,1126,281,28
1,SU-11436,0266391667,2021,1,28,2,4,0,71400,1125,281,29
1,SU-11436,0266391667,2021,1,28,2,4,0,72000,1126,281,28
1,SU-11436,0266391667,2021,1,28,2,4,0,72600,1126,281,29
1,SU-11436,0266391667,2021,1,28,2,4,0,73200,1125,281,28
1,SU-11436,0266391667,2021,1,28,2,4,0,73800,1125,281,29
1,SU-11436,0266391667,2021,1,28,2,4,0,74400,1124,281,29
1,SU-11436,0266391667,2021,1,28,2,4,0,75000,1125,281,29
1,SU-11436,0266391667,2021,1,28,2,4,0,75600,1125,281,29
1,SU-11436,0266391667,2021,1,28,2,4,0,76200,1124,281,30
1,SU-11436,0266391667,2021,1,28,2,4,0,76800,1125,281,30
1,SU-11436,0266391667,2021,1,28,2,4,0,77400,1125,281,30
1,SU-11436,0266391667,2021,1,28,2,4,0,78000,1126,281,30
1,SU-11436,0266391667,2021,1,28,2,4,0,78600,1125,281,30
1,SU-11436,0266391667,2021,1,28,2,4,0,79200,1125,281,30
1,SU-11436,0266391667,2021,1,28,2,4,0,79800,1126,281,30
1,SU-11436,0266391667,2021,1,28,2,4,0,80400,1126,281,30
1,SU-11436,0266391667,2021,1,28,2,4,0,81000,1127,281,30
1,SU-11436,0266391667,2021,1,28,2,4,0,81600,1127,281,30
1,SU-11436,0266391667,2021,1,28,2,4,0,82200,1128,281,30
1,SU-11436,0266391667,2021,1,28,2,4,0,82800,1128,281,30
1,SU-11436,0266391667,2021,1,28,2,4,0,83400,1128,281,30
1,SU-11436,0266391667,2021,1,28,2,4,0,84000,1129,281,30
1,SU-11436,0266391667,2021,1,28,2,4,0,84600,1129,281,30
1,SU-11436,0266391667,2021,1,28,2,4,0,85200,1130,281,30
1,SU-11436,0266391667,2021,1,28,2,4,0,85800,1132,281,31
1,SU-11436,0266391667,2021,1,28,2,4,0,86400,1132,281,30
1,SU-11436,0266391667,2021,1,28,2,4,0,87000,1132,281,31
1,SU-11436,0266391667,2021,1,28,2,4,0,87600,1133,281,31
1,SU-11436,0266391667,2021,1,28,2,4,0,88200,1134,281,31
1,SU-11436,0266391667,2021,1,28,2,4,0,88800,1134,281,32
1,SU-11436,0266391667,2021,1,28,2,4,0,89400,1135,281,32
1,SU-11436,0266391667,2021,1,28,2,4,0,90000,1136,281,32
1,SU-11436,0266391667,2021,1,28,2,4,0,90600,1136,281,32
1,SU-11436,0266391667,2021,1,28,2,4,0,91200,1137,281,33
1,SU-11436,0266391667,2021,1,28,2,4,0,91800,1138,281,33
1,SU-11436,0266391667,2021,1,28,2,4,0,92400,1138,281,33
1,SU-11436,0266391667,2021,1,28,2,4,0,93000,1138,281,33
1,SU-11436,0266391667,2021,1,28,2,4,0,93600,1139,281,33
1,SU-11436,0266391667,2021,1,28,2,4,0,94200,1140,281,33
1,SU-11436,0266391667,2021,1,28,2,4,0,94800,1140,281,34
1,SU-11436,0266391667,2021,1,28,2,4,0,95400,1141,281,34
1,SU-11436,0266391667,2021,1,28,2,4,0,96000,1143,281,35
1,SU-11436,0266391667,2021,1,28,2,4,0,96600,1143,281,35
1,SU-11436,0266391667,2021,1,28,2,4,0,97200,1143,281,36
1,SU-11436,0266391667,2021,1,28,2,4,0,97800,1144,281,35
1,SU-11436,0266391667,2021,1,28,2,4,0,98400,1144,281,36
1,SU-11436,0266391667,2021,1,28,2,4,0,99000,1145,281,36
1,SU-11436,0266391667,2021,1,28,2,4,0,99600,1145,281,36
1,SU-11436,0266391667,2021,1,28,2,4,0,100200,1145,281,36
1,SU-11436,0266391667,2021,1,28,2,4,0,100800,1146,281,36
1,SU-11436,0266391667,2021,1,28,2,4,0,101400,1146,281,36
1,SU-11436,0266391667,2021,1,28,2,4,0,102000,1146,281,37
1,SU-11436,0266391667,2021,1,28,2,4,0,102600,1147,281,37
1,SU-11436,0266391667,2021,1,28,2,4,0,103200,1147,281,37
1,SU-11436,0266391667,2021,1,28,2,4,0,103800,1147,281,38
1,SU-11436,0266391667,2021,1,28,2,4,0,104400,1147,281,38
1,SU-11436,0266391667,2021,1,28,2,4,0,105000,1148,281,38
1,SU-11436,0266391667,2021,1,28,2,4,0,105600,1148,281,39
1,SU-11436,0266391667,2021,1,28,2,4,0,106200,1148,281,39
1,SU-11436,0266391667,2021,1,28,2,4,0,106800,1149,281,39
1,SU-11436,0266391667,2021,1,28,2,4,0,107400,1148,281,39
1,SU-11436,0266391667,2021,1,28,2,4,0,108000,1149,281,39
1,SU-11436,0266391667,2021,1,28,2,4,0,108600,1149,281,39
1,SU-11436,0266391667,2021,1,28,2,4,0,109200,1149,281,40
1,SU-11436,0266391667,2021,1,28,2,4,0,109800,1148,281,40
1,SU-11436,0266391667,2021,1,28,2,4,0,110400,1149,281,41
1,SU-11436,0266391667,2021,1,28,2,4,0,111000,1149,281,40
1,SU-11436,0266391667,2021,1,28,2,4,0,111600,1149,281,42
1,SU-11436,0266391667,2021,1,28,2,4,0,112200,1148,281,41
1,SU-11436,0266391667,2021,1,28,2,4,0,112800,1148,281,42
1,SU-11436,0266391667,2021,1,28,2,4,0,113400,1148,281,42
1,SU-11436,0266391667,2021,1,28,2,4,0,114000,1148,281,42
1,SU-11436,0266391667,2021,1,28,2,4,0,114600,1148,281,42
1,SU-11436,0266391667,2021,1,28,2,4,0,115200,1148,281,42
1,SU-11436,0266391667,2021,1,28,2,4,0,115800,1147,281,43
1,SU-11436,0266391667,2021,1,28,2,4,0,116400,1147,281,43
1,SU-11436,0266391667,2021,1,28,2,4,0,117000,1148,281,44
1,SU-11436,0266391667,2021,1,28,2,4,0,117600,1146,281,43
1,SU-11436,0266391667,2021,1,28,2,4,0,118200,1146,281,43
1,SU-11436,0266391667,2021,1,28,2,4,0,118800,1145,281,44
1,SU-11436,0266391667,2021,1,28,2,4,0,119400,1146,281,45
1,SU-11436,0266391667,2021,1,28,2,4,0,120000,1145,281,44
1,SU-11436,0266391667,2021,1,28,2,4,0,120600,1144,281,45
1,SU-11436,0266391667,2021,1,28,2,4,0,121200,1144,281,44
1,SU-11436,0266391667,2021,1,28,2,4,0,121800,1143,281,45
1,SU-11436,0266391667,2021,1,28,2,4,0,122400,1143,281,45
1,SU-11436,0266391667,2021,1,28,2,4,0,123000,1142,281,45
1,SU-11436,0266391667,2021,1,28,2,4,0,123600,1141,281,45
1,SU-11436,0266391667,2021,1,28,2,4,0,124200,1141,281,46
1,SU-11436,0266391667,2021,1,28,2,4,0,124800,1140,281,45
1,SU-11436,0266391667,2021,1,28,2,4,0,125400,1140,281,46
1,SU-11436,0266391667,2021,1,28,2,4,0,126000,1139,281,47
1,SU-11436,0266391667,2021,1,28,2,4,0,126600,1139,281,47
1,SU-11436,0266391667,2021,1,28,2,4,0,127200,1138,281,47
1,SU-11436,0266391667,2021,1,28,2,4,0,127800,1136,281,47
1,SU-11436,0266391667,2021,1,28,2,4,0,128400,1136,281,47
1,SU-11436,0266391667,2021,1,28,2,4,0,129000,1135,281,47
1,SU-11436,0266391667,2021,1,28,2,4,0,129600,1135,281,47
1,SU-11436,0266391667,2021,1,28,2,4,0,130200,1134,281,48
1,SU-11436,0266391667,2021,1,28,2,4,0,130800,1132,281,48
1,SU-11436,0266391667,2021,1,28,2,4,0,131400,1132,281,48
1,SU-11436,0266391667,2021,1,28,2,4,0,132000,1131,281,48
1,SU-11436,0266391667,2021,1,28,2,4,0,132600,1130,281,48
1,SU-11436,0266391667,2021,1,28,2,4,0,133200,1129,281,48
1,SU-11436,0266391667,2021,1,28,2,4,0,133800,1128,281,48
1,SU-11436,0266391667,2021,1,28,2,4,0,134400,1128,281,48
1,SU-11436,0266391667,2021,1,28,2,4,0,135000,1127,281,48
1,SU-11436,0266391667,2021,1,28,2,4,0,135600,1126,281,48
1,SU-11436,0266391667,2021,1,28,2,4,0,136200,1126,281,48
1,SU-11436,0266391667,2021,1,28,2,4,0,136800,1125,281,48
1,SU-11436,0266391667,2021,1,28,2,4,0,137400,1123,281,48
1,SU-11436,0266391667,2021,1,28,2,4,0,138000,1124,281,49
1,SU-11436,0266391667,2021,1,28,2,4,0,138600,1123,281,49
1,SU-11436,0266391667,2021,1,28,2,4,0,139200,1122,281,49
1,SU-11436,0266391667,2021,1,28,2,4,0,139800,1121,281,49
1,SU-11436,0266391667,2021,1,28,2,4,0,140400,1120,281,48
1,SU-11436,0266391667,2021,1,28,2,4,0,141000,1120,281,49
1,SU-11436,0266391667,2021,1,28,2,4,0,141600,1119,281,49
1,SU-11436,0266391667,2021,1,28,2,4,0,142200,1119,281,48
1,SU-11436,0266391667,2021,1,28,2,4,0,142800,1119,281,49
1,SU-11436,0266391667,2021,1,28,2,4,0,143400,1119,281,49
1,SU-11436,0266391667,2021,1,28,2,4,0,144000,1118,281,49
1,SU-11436,0266391667,2021,1,28,2,4,0,144600,1118,281,50
1,SU-11436,0266391667,2021,1,28,2,4,0,145200,1118,281,50
1,SU-11436,0266391667,2021,1,28,2,4,0,145800,1118,281,50
1,SU-11436,0266391667,2021,1,28,2,4,0,146400,1117,281,50
1,SU-11436,0266391667,2021,1,28,2,4,0,147000,1118,281,50
1,SU-11436,0266391667,2021,1,28,2,4,0,147600,1119,281,50
1,SU-11436,0266391667,2021,1,28,2,4,0,148200,1119,281,50
1,SU-11436,0266391667,2021,1,28,2,4,0,148800,1118,281,50
1,SU-11436,0266391667,2021,1,28,2,4,0,149400,1119,281,50
1,SU-11436,0266391667,2021,1,28,2,4,0,150000,1120,281,51
1,SU-11436,0266391667,2021,1,28,2,4,0,150600,1121,281,50
1,SU-11436,0266391667,2021,1,28,2,4,0,151200,1121,281,50
1,SU-11436,0266391667,2021,1,28,2,4,0,151800,1122,281,50
1,SU-11436,0266391667,2021,1,28,2,4,0,152400,1123,281,50
1,SU-11436,0266391667,2021,1,28,2,4,0,153000,1124,281,50
1,SU-11436,0266391667,2021,1,28,2,4,0,153600,1126,281,51
1,SU-11436,0266391667,2021,1,28,2,4,0,154200,1127,281,50
1,SU-11436,0266391667,2021,1,28,2,4,0,154800,1129,281,50
1,SU-11436,0266391667,2021,1,28,2,4,0,155400,1131,281,50
1,SU-11436,0266391667,2021,1,28,2,4,0,156000,1132,281,50
1,SU-11436,0266391667,2021,1,28,2,4,0,156600,1134,281,50
1,SU-11436,0266391667,2021,1,28,2,4,0,157200,1136,281,50
1,SU-11436,0266391667,2021,1,28,2,4,0,157800,1139,281,51
1,SU-11436,0266391667,2021,1,28,2,4,0,158400,1141,281,50
1,SU-11436,0266391667,2021,1,28,2,4,0,159000,1143,281,50
1,SU-11436,0266391667,2021,1,28,2,4,0,159600,1146,281,50
1,SU-11436,0266391667,2021,1,28,2,4,0,160200,1148,281,50
1,SU-11436,0266391667,2021,1,28,2,4,0,160800,1151,281,50
1,SU-11436,0266391667,2021,1,28,2,4,0,161400,1154,281,50
1,SU-11436,0266391667,2021,1,28,2,4,0,162000,1156,281,50
1,SU-11436,0266391667,2021,1,28,2,4,0,162600,1158,281,50
1,SU-11436,0266391667,2021,1,28,2,4,0,163200,1161,281,50
1,SU-11436,0266391667,2021,1,28,2,4,0,163800,1163,281,50
1,SU-11436,0266391667,2021,1,28,2,4,0,164400,1167,281,51
1,SU-11436,0266391667,2021,1,28,2,4,0,165000,1169,281,50
1,SU-11436,0266391667,2021,1,28,2,4,0,165600,1171,281,50
1,SU-11436,0266391667,2021,1,28,2,4,0,166200,1174,281,50
1,SU-11436,0266391667,2021,1,28,2,4,0,166800,1176,281,50
1,SU-11436,0266391667,2021,1,28,2,4,0,167400,1179,281,49
1,SU-11436,0266391667,2021,1,28,2,4,0,168000,1182,281,50
1,SU-11436,0266391667,2021,1,28,2,4,0,168600,1185,281,51
1,SU-11436,0266391667,2021,1,28,2,4,0,169200,1188,281,50
1,SU-11436,0266391667,2021,1,28,2,4,0,169800,1191,281,50
1,SU-11436,0266391667,2021,1,28,2,4,0,170400,1193,281,49
1,SU-11436,0266391667,2021,1,28,2,4,0,171000,1196,281,50
1,SU-11436,0266391667,2021,1,28,2,4,0,171600,1198,281,50
1,SU-11436,0266391667,2021,1,28,2,4,0,172200,1202,281,49
1,SU-11436,0266391667,2021,1,28,2,4,0,172800,1204,281,50
1,SU-11436,0266391667,2021,1,28,2,4,0,173400,1206,281,49
1,SU-11436,0266391667,2021,1,28,2,4,0,174000,1209,281,49
1,SU-11436,0266391667,2021,1,28,2,4,0,174600,1211,281,50
1,SU-11436,0266391667,2021,1,28,2,4,0,175200,1213,281,49
1,SU-11436,0266391667,2021,1,28,2,4,0,175800,1216,281,49
1,SU-11436,0266391667,2021,1,28,2,4,0,176400,1219,281,50
1,SU-11436,0266391667,2021,1,28,2,4,0,177000,1221,281,50
1,SU-11436,0266391667,2021,1,28,2,4,0,177600,1224,281,49
1,SU-11436,0266391667,2021,1,28,2,4,0,178200,1225,281,49
1,SU-11436,0266391667,2021,1,28,2,4,0,178800,1228,281,49
1,SU-11436,0266391667,2021,1,28,2,4,0,179400,1231,281,48
1,SU-11436,0266391667,2021,1,28,2,4,0,180000,1232,281,49
1,SU-11436,0266391667,2021,1,28,2,4,0,180600,1235,281,49
1,SU-11436,0266391667,2021,1,28,2,4,0,181200,1237,281,49
1,SU-11436,0266391667,2021,1,28,2,4,0,181800,1239,281,49
1,SU-11436,0266391667,2021,1,28,2,4,0,182400,1242,281,49
1,SU-11436,0266391667,2021,1,28,2,4,0,183000,1242,281,48
1,SU-11436,0266391667,2021,1,28,2,4,0,183600,1245,281,49
1,SU-11436,0266391667,2021,1,28,2,4,0,184200,1247,281,48
1,SU-11436,0266391667,2021,1,28,2,4,0,184800,1248,281,48
1,SU-11436,0266391667,2021,1,28,2,4,0,185400,1250,281,48
1,SU-11436,0266391667,2021,1,28,2,4,0,186000,1252,281,48
1,SU-11436,0266391667,2021,1,28,2,4,0,186600,1254,281,48
1,SU-11436,0266391667,2021,1,28,2,4,0,187200,1255,281,48
1,SU-11436,0266391667,2021,1,28,2,4,0,187800,1256,281,48
1,SU-11436,0266391667,2021,1,28,2,4,0,188400,1257,281,48
1,SU-11436,0266391667,2021,1,28,2,4,0,189000,1259,281,48
1,SU-11436,0266391667,2021,1,28,2,4,0,189600,1260,281,48
1,SU-11436,0266391667,2021,1,28,2,4,0,190200,1262,281,48
1,SU-11436,0266391667,2021,1,28,2,4,0,190800,1263,281,48
1,SU-11436,0266391667,2021,1,28,2,4,0,191400,1264,281,48
1,SU-11436,0266391667,2021,1,28,2,4,0,192000,1265,281,48
1,SU-11436,0266391667,2021,1,28,2,4,0,192600,1266,281,48
1,SU-11436,0266391667,2021,1,28,2,4,0,193200,1267,281,48
1,SU-11436,0266391667,2021,1,28,2,4,0,193800,1268,281,48
1,SU-11436,0266391667,2021,1,28,2,4,0,194400,1269,281,48
1,SU-11436,0266391667,2021,1,28,2,4,0,195000,1269,281,47
1,SU-11436,0266391667,2021,1,28,2,4,0,195600,1269,281,48
1,SU-11436,0266391667,2021,1,28,2,4,0,196200,1269,281,48
1,SU-11436,0266391667,2021,1,28,2,4,0,196800,1270,281,48
1,SU-11436,0266391667,2021,1,28,2,4,0,197400,1270,281,48
1,SU-11436,0266391667,2021,1,28,2,4,0,198000,1270,281,47
1,SU-11436,0266391667,2021,1,28,2,4,0,198600,1270,281,47
1,SU-11436,0266391667,2021,1,28,2,4,0,199200,1271,281,47
1,SU-11436,0266391667,2021,1,28,2,4,0,199800,1271,281,47
1,SU-11436,0266391667,2021,1,28,2,4,0,200400,1271,281,47
1,SU-11436,0266391667,2021,1,28,2,4,0,201000,1270,281,46
1,SU-11436,0266391667,2021,1,28,2,4,0,201600,1269,281,47
1,SU-11436,0266391667,2021,1,28,2,4,0,202200,1269,281,47
1,SU-11436,0266391667,2021,1,28,2,4,0,202800,1269,281,46
1,SU-11436,0266391667,2021,1,28,2,4,0,203400,1269,281,46
1,SU-11436,0266391667,2021,1,28,2,4,0,204000,1268,281,47
1,SU-11436,0266391667,2021,1,28,2,4,0,204600,1268,281,46
1,SU-11436,0266391667,2021,1,28,2,4,0,205200,1267,281,45
1,SU-11436,0266391667,2021,1,28,2,4,0,205800,1266,281,46
1,SU-11436,0266391667,2021,1,28,2,4,0,206400,1266,281,46
1,SU-11436,0266391667,2021,1,28,2,4,0,207000,1264,281,45
1,SU-11436,0266391667,2021,1,28,2,4,0,207600,1264,281,46
1,SU-11436,0266391667,2021,1,28,2,4,0,208200,1263,281,45
1,SU-11436,0266391667,2021,1,28,2,4,0,208800,1262,281,45
1,SU-11436,0266391667,2021,1,28,2,4,0,209400,1261,281,45
1,SU-11436,0266391667,2021,1,28,2,4,0,210000,1260,281,45
1,SU-11436,0266391667,2021,1,28,2,4,0,210600,1260,281,45
1,SU-11436,0266391667,2021,1,28,2,4,0,211200,1258,281,45
1,SU-11436,0266391667,2021,1,28,2,4,0,211800,1257,281,45
1,SU-11436,0266391667,2021,1,28,2,4,0,212400,1255,281,45
1,SU-11436,0266391667,2021,1,28,2,4,0,213000,1255,281,45
1,SU-11436,0266391667,2021,1,28,2,4,0,213600,1255,281,45
1,SU-11436,0266391667,2021,1,28,2,4,0,214200,1254,281,44
1,SU-11436,0266391667,2021,1,28,2,4,0,214800,1253,281,45
1,SU-11436,0266391667,2021,1,28,2,4,0,215400,1252,281,45
1,SU-11436,0266391667,2021,1,28,2,4,0,216000,1251,281,44
1,SU-11436,0266391667,2021,1,28,2,4,0,216600,1249,281,44
1,SU-11436,0266391667,2021,1,28,2,4,0,217200,1248,281,44
1,SU-11436,0266391667,2021,1,28,2,4,0,217800,1246,281,44
1,SU-11436,0266391667,2021,1,28,2,4,0,218400,1245,281,44
1,SU-11436,0266391667,2021,1,28,2,4,0,219000,1243,281,44
1,SU-11436,0266391667,2021,1,28,2,4,0,219600,1242,281,44
1,SU-11436,0266391667,2021,1,28,2,4,0,220200,1240,281,43
1,SU-11436,0266391667,2021,1,28,2,4,0,220800,1240,281,44
1,SU-11436,0266391667,2021,1,28,2,4,0,221400,1238,281,44
1,SU-11436,0266391667,2021,1,28,2,4,0,222000,1237,281,44
1,SU-11436,0266391667,2021,1,28,2,4,0,222600,1236,281,43
1,SU-11436,0266391667,2021,1,28,2,4,0,223200,1233,281,43
1,SU-11436,0266391667,2021,1,28,2,4,0,223800,1232,281,42
1,SU-11436,0266391667,2021,1,28,2,4,0,224400,1230,281,43
1,SU-11436,0266391667,2021,1,28,2,4,0,225000,1229,281,43
1,SU-11436,0266391667,2021,1,28,2,4,0,225600,1226,281,42
1,SU-11436,0266391667,2021,1,28,2,4,0,226200,1225,281,43
1,SU-11436,0266391667,2021,1,28,2,4,0,226800,1222,281,42
1,SU-11436,0266391667,2021,1,28,2,4,0,227400,1220,281,42
1,SU-11436,0266391667,2021,1,28,2,4,0,228000,1220,281,42
1,SU-11436,0266391667,2021,1,28,2,4,0,228600,1218,281,42
1,SU-11436,0266391667,2021,1,28,2,4,0,229200,1215,281,42
1,SU-11436,0266391667,2021,1,28,2,4,0,229800,1213,281,42
1,SU-11436,0266391667,2021,1,28,2,4,0,230400,1210,281,42
1,SU-11436,0266391667,2021,1,28,2,4,0,231000,1209,281,42
1,SU-11436,0266391667,2021,1,28,2,4,0,231600,1207,281,42
1,SU-11436,0266391667,2021,1,28,2,4,0,232200,1204,281,42
1,SU-11436,0266391667,2021,1,28,2,4,0,232800,1202,281,42
1,SU-11436,0266391667,2021,1,28,2,4,0,233400,1200,281,42
1,SU-11436,0266391667,2021,1,28,2,4,0,234000,1199,281,42
1,SU-11436,0266391667,2021,1,28,2,4,0,234600,1196,281,42
1,SU-11436,0266391667,2021,1,28,2,4,0,235200,1194,281,42
1,SU-11436,0266391667,2021,1,28,2,4,0,235800,1192,281,42
1,SU-11436,0266391667,2021,1,28,2,4,0,236400,1189,281,41
1,SU-11436,0266391667,2021,1,28,2,4,0,237000,1187,281,41
1,SU-11436,0266391667,2021,1,28,2,4,0,237600,1184,281,42
1,SU-11436,0266391667,2021,1,28,2,4,0,238200,1182,281,42
1,SU-11436,0266391667,2021,1,28,2,4,0,238800,1181,281,42
1,SU-11436,0266391667,2021,1,28,2,4,0,239400,1178,281,41
1,SU-11436,0266391667,2021,1,28,2,4,0,240000,1175,281,41
1,SU-11436,0266391667,2021,1,28,2,4,0,240600,1172,281,41
1,SU-11436,0266391667,2021,1,28,2,4,0,241200,1170,281,41
1,SU-11436,0266391667,2021,1,28,2,4,0,241800,1168,281,40
1,SU-11436,0266391667,2021,1,28,2,4,0,242400,1165,281,41
1,SU-11436,0266391667,2021,1,28,2,4,0,243000,1162,281,42
1,SU-11436,0266391667,2021,1,28,2,4,0,243600,1160,281,42
1,SU-11436,0266391667,2021,1,28,2,4,0,244200,1157,281,40
1,SU-11436,0266391667,2021,1,28,2,4,0,244800,1155,281,41
1,SU-11436,0266391667,2021,1,28,2,4,0,245400,1152,281,41
1,SU-11436,0266391667,2021,1,28,2,4,0,246000,1149,281,41
1,SU-11436,0266391667,2021,1,28,2,4,0,246600,1147,281,41
1,SU-11436,0266391667,2021,1,28,2,4,0,247200,1144,281,40
1,SU-11436,0266391667,2021,1,28,2,4,0,247800,1142,281,40
1,SU-11436,0266391667,2021,1,28,2,4,0,248400,1139,281,40
1,SU-11436,0266391667,2021,1,28,2,4,0,249000,1137,281,40
1,SU-11436,0266391667,2021,1,28,2,4,0,249600,1134,281,40
1,SU-11436,0266391667,2021,1,28,2,4,0,250200,1131,281,41
1,SU-11436,0266391667,2021,1,28,2,4,0,250800,1129,281,40
1,SU-11436,0266391667,2021,1,28,2,4,0,251400,1126,281,40
1,SU-11436,0266391667,2021,1,28,2,4,0,252000,1122,281,40
1,SU-11436,0266391667,2021,1,28,2,4,0,252600,1120,281,40
1,SU-11436,0266391667,2021,1,28,2,4,0,253200,1118,281,40
1,SU-11436,0266391667,2021,1,28,2,4,0,253800,1115,281,40
1,SU-11436,0266391667,2021,1,28,2,4,0,254400,1112,281,40
1,SU-11436,0266391667,2021,1,28,2,4,0,255000,1109,281,41
1,SU-11436,0266391667,2021,1,28,2,4,0,255600,1105,281,40
1,SU-11436,0266391667,2021,1,28,2,4,0,256200,1103,281,40
1,SU-11436,0266391667,2021,1,28,2,4,0,256800,1100,281,40
1,SU-11436,0266391667,2021,1,28,2,4,0,257400,1098,281,40
1,SU-11436,0266391667,2021,1,28,2,4,0,258000,1094,281,40
1,SU-11436,0266391667,2021,1,28,2,4,0,258600,1092,281,40
1,SU-11436,0266391667,2021,1,28,2,4,0,259200,1089,281,39
1,SU-11436,0266391667,2021,1,28,2,4,0,259800,1086,281,40
1,SU-11436,0266391667,2021,1,28,2,4,0,260400,1084,281,40
1,SU-11436,0266391667,2021,1,28,2,4,0,261000,1081,281,39
1,SU-11436,0266391667,2021,1,28,2,4,0,261600,1078,281,39
1,SU-11436,0266391667,2021,1,28,2,4,0,262200,1075,281,40
1,SU-11436,0266391667,2021,1,28,2,4,0,262800,1073,281,40
1,SU-11436,0266391667,2021,1,28,2,4,0,263400,1069,281,40
1,SU-11436,0266391667,2021,1,28,2,4,0,264000,1067,281,39
1,SU-11436,0266391667,2021,1,28,2,4,0,264600,1065,281,40
1,SU-11436,0266391667,2021,1,28,2,4,0,265200,1061,281,40
1,SU-11436,0266391667,2021,1,28,2,4,0,265800,1058,281,40
1,SU-11436,0266391667,2021,1,28,2,4,0,266400,1055,281,40
1,SU-11436,0266391667,2021,1,28,2,4,0,267000,1053,281,40
1,SU-11436,0266391667,2021,1,28,2,4,0,267600,1048,281,40
1,SU-11436,0266391667,2021,1,28,2,4,0,268200,1046,281,41
1,SU-11436,0266391667,2021,1,28,2,4,0,268800,1043,281,40
1,SU-11436,0266391667,2021,1,28,2,4,0,269400,1041,281,41
1,SU-11436,0266391667,2021,1,28,2,4,0,270000,1038,281,40
1,SU-11436,0266391667,2021,1,28,2,4,0,270600,1037,281,40
1,SU-11436,0266391667,2021,1,28,2,4,0,271200,1035,281,40
1,SU-11436,0266391667,2021,1,28,2,4,0,271800,1033,281,41
1,SU-11436,0266391667,2021,1,28,2,4,0,272400,1032,281,41
1,SU-11436,0266391667,2021,1,28,2,4,0,273000,1031,281,40
1,SU-11436,0266391667,2021,1,28,2,4,0,273600,1029,281,41
1,SU-11436,0266391667,2021,1,28,2,4,0,274200,1029,281,41
1,SU-11436,0266391667,2021,1,28,2,4,0,274800,1028,281,41
1,SU-11436,0266391667,2021,1,28,2,4,0,275400,1028,281,41
1,SU-11436,0266391667,2021,1,28,2,4,0,276000,1027,281,41
1,SU-11436,0266391667,2021,1,28,2,4,0,276600,1027,281,41
1,SU-11436,0266391667,2021,1,28,2,4,0,277200,1027,281,41
1,SU-11436,0266391667,2021,1,28,2,4,0,277800,1026,281,41
1,SU-11436,0266391667,2021,1,28,2,4,0,278400,1026,281,41
1,SU-11436,0266391667,2021,1,28,2,4,0,279000,1026,281,41
1,SU-11436,0266391667,2021,1,28,2,4,0,279600,1025,281,41
1,SU-11436,0266391667,2021,1,28,2,4,0,280200,1025,281,41
1,SU-11436,0266391667,2021,1,28,2,4,0,280800,1025,281,41
1,SU-11436,0266391667,2021,1,28,2,4,0,281400,1025,281,41
1,SU-11436,0266391667,2021,1,28,2,4,0,282000,1025,281,41
1,SU-11436,0266391667,2021,1,28,2,4,0,282600,1024,281,42
1,SU-11436,0266391667,2021,1,28,2,4,0,283200,1024,281,42
1,SU-11436,0266391667,2021,1,28,2,4,0,283800,1024,281,42
1,SU-11436,0266391667,2021,1,28,2,4,0,284400,1023,281,41
1,SU-11436,0266391667,2021,1,28,2,4,0,285000,1024,281,42
1,SU-11436,0266391667,2021,1,28,2,4,0,285600,1023,281,41
1,SU-11436,0266391667,2021,1,28,2,4,0,286200,1023,281,42
1,SU-11436,0266391667,2021,1,28,2,4,0,286800,1023,281,40
1,SU-11436,0266391667,2021,1,28,2,4,0,287400,1022,281,41
1,SU-11436,0266391667,2021,1,28,2,4,0,288000,1022,281,41
1,SU-11436,0266391667,2021,1,28,2,4,0,288600,1022,281,40
1,SU-11436,0266391667,2021,1,28,2,4,0,289200,1021,281,42
1,SU-11436,0266391667,2021,1,28,2,4,0,289800,1021,281,41
1,SU-11436,0266391667,2021,1,28,2,4,0,290400,1020,281,41
1,SU-11436,0266391667,2021,1,28,2,4,0,291000,1019,281,41
1,SU-11436,0266391667,2021,1,28,2,4,0,291600,1019,281,41
1,SU-11436,0266391667,2021,1,28,2,4,0,292200,1019,281,42
1,SU-11436,0266391667,2021,1,28,2,4,0,292800,1019,281,42
1,SU-11436,0266391667,2021,1,28,2,4,0,293400,1018,281,42
1,SU-11436,0266391667,2021,1,28,2,4,0,294000,1017,281,41
1,SU-11436,0266391667,2021,1,28,2,4,0,294600,1016,281,41
1,SU-11436,0266391667,2021,1,28,2,4,0,295200,1015,281,41
1,SU-11436,0266391667,2021,1,28,2,4,0,295800,1014,281,41
1,SU-11436,0266391667,2021,1,28,2,4,0,296400,1014,281,41
1,SU-11436,0266391667,2021,1,28,2,4,0,297000,1013,281,41
1,SU-11436,0266391667,2021,1,28,2,4,0,297600,1011,281,41
1,SU-11436,0266391667,2021,1,28,2,4,0,298200,1009,281,41
1,SU-11436,0266391667,2021,1,28,2,4,0,298800,1008,281,41
1,SU-11436,0266391667,2021,1,28,2,4,0,299400,1006,281,40
1,SU-11436,0266391667,2021,1,28,2,4,0,300000,1005,281,41
1,SU-11436,0266391667,2021,1,28,2,4,0,300600,1004,281,41
1,SU-11436,0266391667,2021,1,28,2,4,0,301200,1002,281,40
1,SU-11436,0266391667,2021,1,28,2,4,0,301800,1000,281,41
1,SU-11436,0266391667,2021,1,28,2,4,0,302400,999,281,41
1,SU-11436,0266391667,2021,1,28,2,4,0,303000,997,281,40
1,SU-11436,0266391667,2021,1,28,2,4,0,303600,995,281,41
1,SU-11436,0266391667,2021,1,28,2,4,0,304200,993,281,41
1,SU-11436,0266391667,2021,1,28,2,4,0,304800,991,281,40
1,SU-11436,0266391667,2021,1,28,2,4,0,305400,990,281,41
1,SU-11436,0266391667,2021,1,28,2,4,0,306000,988,281,41
1,SU-11436,0266391667,2021,1,28,2,4,0,306600,986,281,41
1,SU-11436,0266391667,2021,1,28,2,4,0,307200,983,281,40
1,SU-11436,0266391667,2021,1,28,2,4,0,307800,982,281,41
1,SU-11436,0266391667,2021,1,28,2,4,0,308400,979,281,41
1,SU-11436,0266391667,2021,1,28,2,4,0,309000,977,281,41
1,SU-11436,0266391667,2021,1,28,2,4,0,309600,974,281,41
1,SU-11436,0266391667,2021,1,28,2,4,0,310200,970,281,40
1,SU-11436,0266391667,2021,1,28,2,4,0,310800,967,281,41
1,SU-11436,0266391667,2021,1,28,2,4,0,311400,965,281,41
1,SU-11436,0266391667,2021,1,28,2,4,0,312000,962,281,40
1,SU-11436,0266391667,2021,1,28,2,4,0,312600,959,281,41
1,SU-11436,0266391667,2021,1,28,2,4,0,313200,956,281,41
1,SU-11436,0266391667,2021,1,28,2,4,0,313800,952,281,41
1,SU-11436,0266391667,2021,1,28,2,4,0,314400,947,281,41
1,SU-11436,0266391667,2021,1,28,2,4,0,315000,943,281,41
1,SU-11436,0266391667,2021,1,28,2,4,0,315600,938,281,40
1,SU-11436,0266391667,2021,1,28,2,4,0,316200,932,281,41
1,SU-11436,0266391667,2021,1,28,2,4,0,316800,928,281,40
1,SU-11436,0266391667,2021,1,28,2,4,0,317400,923,281,40
1,SU-11436,0266391667,2021,1,28,2,4,0,318000,917,281,40
1,SU-11436,0266391667,2021,1,28,2,4,0,318600,912,281,40
1,SU-11436,0266391667,2021,1,28,2,4,0,319200,906,281,40
1,SU-11436,0266391667,2021,1,28,2,4,0,319800,901,281,40
1,SU-11436,0266391667,2021,1,28,2,4,0,320400,895,281,39
1,SU-11436,0266391667,2021,1,28,2,4,0,321000,893,281,33
1,SU-11436,0266391667,2021,1,28,2,4,0,321600,893,281,24
1,SU-11436,0266391667,2021,1,28,2,4,0,322200,892,281,13
