-- TCave
-- SELECT * FROM grottoce.T_cave WHERE Id IN (1, 41) ORDER BY Id ASC;

INSERT INTO `T_cave` (`Id`,`Locked`,`Id_author`,`Id_reviewer`,`Id_locker`,`Name`,`Min_depth`,`Max_depth`,`Depth`,`Length`,`Is_diving`,`Temperature`,`Date_inscription`,`Date_reviewed`,`Date_locked`) VALUES (1,'NO',4,514,514,'Jean-Bernard (gouffre)',NULL,NULL,1602,20536,'NO',4,'2008-07-28 15:07:17','2011-05-08 23:54:59','2011-05-08 23:54:38');
INSERT INTO `T_cave` (`Id`,`Locked`,`Id_author`,`Id_reviewer`,`Id_locker`,`Name`,`Min_depth`,`Max_depth`,`Depth`,`Length`,`Is_diving`,`Temperature`,`Date_inscription`,`Date_reviewed`,`Date_locked`) VALUES (41,'NO',16,514,514,'Bégué Ponchon (système de)',NULL,NULL,60,2295,'YES',NULL,'2008-10-13 17:55:10','2015-08-02 13:31:58','2015-08-02 13:30:53');

-- TEntry
-- SELECT * FROM grottoce.T_entry WHERE ID IN (SELECT Id FROM grottoce.T_entry LEFT JOIN grottoce.J_cave_entry ON grottoce.T_entry.Id = grottoce.J_cave_entry.Id_entry WHERE Id_cave in (1, 41));

INSERT INTO `T_entry` (`Id`,`Locked`,`Id_author`,`Id_reviewer`,`Id_locker`,`Name`,`Country`,`Region`,`City`,`Address`,`Year_discovery`,`Id_type`,`External_url`,`Date_inscription`,`Date_reviewed`,`Date_locked`,`Is_public`,`Is_sensitive`,`Contact`,`Modalities`,`Has_contributions`,`Latitude`,`Longitude`,`Altitude`) VALUES (1,'NO',4,50,50,'Jean-Bernard (Gouffre) [V4]','FR','Haute-Savoie (74)','Samoens',NULL,1963,1,NULL,'2008-07-28 15:08:37','2015-09-06 03:28:01','2015-09-06 03:27:41','YES','NO',NULL,'NO,NO,NO,NO','YES',46.10180436619500000000,6.78088188171389900000,NULL);
INSERT INTO `T_entry` (`Id`,`Locked`,`Id_author`,`Id_reviewer`,`Id_locker`,`Name`,`Country`,`Region`,`City`,`Address`,`Year_discovery`,`Id_type`,`External_url`,`Date_inscription`,`Date_reviewed`,`Date_locked`,`Is_public`,`Is_sensitive`,`Contact`,`Modalities`,`Has_contributions`,`Latitude`,`Longitude`,`Altitude`) VALUES (475,'NO',4,1785,1785,'B19','FR','Haute-Savoie (74)','Samoëns',NULL,NULL,1,NULL,'2009-01-22 15:55:09','2014-08-17 12:05:35','2014-08-17 12:05:24','YES','NO',NULL,'NO,NO,NO,NO','NO',46.10421670000000000000,6.79225000000000000000,0);
INSERT INTO `T_entry` (`Id`,`Locked`,`Id_author`,`Id_reviewer`,`Id_locker`,`Name`,`Country`,`Region`,`City`,`Address`,`Year_discovery`,`Id_type`,`External_url`,`Date_inscription`,`Date_reviewed`,`Date_locked`,`Is_public`,`Is_sensitive`,`Contact`,`Modalities`,`Has_contributions`,`Latitude`,`Longitude`,`Altitude`) VALUES (477,'NO',4,1785,1785,'B21A','FR','Haute-Savoie (74)','Samoëns',NULL,1968,1,NULL,'2009-01-22 15:55:09','2014-08-17 12:03:29','2014-08-17 12:03:05','YES','NO',NULL,'NO,NO,NO,NO','YES',46.10366670000000000000,6.79451670000000000000,NULL);
INSERT INTO `T_entry` (`Id`,`Locked`,`Id_author`,`Id_reviewer`,`Id_locker`,`Name`,`Country`,`Region`,`City`,`Address`,`Year_discovery`,`Id_type`,`External_url`,`Date_inscription`,`Date_reviewed`,`Date_locked`,`Is_public`,`Is_sensitive`,`Contact`,`Modalities`,`Has_contributions`,`Latitude`,`Longitude`,`Altitude`) VALUES (479,'NO',4,1785,1785,'B22','FR','Haute-Savoie (74)','Samoëns',NULL,1968,1,NULL,'2009-01-22 15:55:09','2014-08-17 12:03:58','2014-08-17 12:03:41','YES','NO',NULL,'NO,NO,NO,NO','YES',46.10451670000000000000,6.79435000000000000000,2194);
INSERT INTO `T_entry` (`Id`,`Locked`,`Id_author`,`Id_reviewer`,`Id_locker`,`Name`,`Country`,`Region`,`City`,`Address`,`Year_discovery`,`Id_type`,`External_url`,`Date_inscription`,`Date_reviewed`,`Date_locked`,`Is_public`,`Is_sensitive`,`Contact`,`Modalities`,`Has_contributions`,`Latitude`,`Longitude`,`Altitude`) VALUES (515,'NO',4,1785,1785,'C37a','FR','Haute-Savoie (74)','Samoëns',NULL,1983,1,NULL,'2009-01-22 15:55:09','2014-08-17 11:47:39','2014-08-17 11:47:28','YES','NO',NULL,'NO,NO,NO,NO','YES',46.10670000000000000000,6.79966670000000000000,0);
INSERT INTO `T_entry` (`Id`,`Locked`,`Id_author`,`Id_reviewer`,`Id_locker`,`Name`,`Country`,`Region`,`City`,`Address`,`Year_discovery`,`Id_type`,`External_url`,`Date_inscription`,`Date_reviewed`,`Date_locked`,`Is_public`,`Is_sensitive`,`Contact`,`Modalities`,`Has_contributions`,`Latitude`,`Longitude`,`Altitude`) VALUES (516,'NO',4,1785,1785,'C37b','FR','Haute-Savoie (74)','Samoëns',NULL,NULL,1,NULL,'2009-01-22 15:55:09','2014-08-17 11:48:00','2014-08-17 11:47:57','YES','NO',NULL,'NO,NO,NO,NO','YES',46.10673330000000000000,6.79960000000000000000,2274);
INSERT INTO `T_entry` (`Id`,`Locked`,`Id_author`,`Id_reviewer`,`Id_locker`,`Name`,`Country`,`Region`,`City`,`Address`,`Year_discovery`,`Id_type`,`External_url`,`Date_inscription`,`Date_reviewed`,`Date_locked`,`Is_public`,`Is_sensitive`,`Contact`,`Modalities`,`Has_contributions`,`Latitude`,`Longitude`,`Altitude`) VALUES (733,'NO',4,1785,1785,'V04','FR','Haute-Savoie (74)','Samoëns',NULL,1963,1,NULL,'2009-01-22 15:55:09','2014-08-18 22:24:42','2014-08-18 22:24:10','YES','NO',NULL,'NO,NO,NO,NO','YES',46.10221670000000000000,6.77961670000000000000,1836);
INSERT INTO `T_entry` (`Id`,`Locked`,`Id_author`,`Id_reviewer`,`Id_locker`,`Name`,`Country`,`Region`,`City`,`Address`,`Year_discovery`,`Id_type`,`External_url`,`Date_inscription`,`Date_reviewed`,`Date_locked`,`Is_public`,`Is_sensitive`,`Contact`,`Modalities`,`Has_contributions`,`Latitude`,`Longitude`,`Altitude`) VALUES (734,'NO',4,1785,1785,'V04B','FR','Haute-Savoie (74)','Samoëns',NULL,1963,1,NULL,'2009-01-22 15:55:09','2014-08-18 22:26:20','2014-08-18 22:25:59','YES','NO',NULL,'NO,NO,NO,NO','NO',46.10238330000000000000,6.78056670000000000000,1843);
INSERT INTO `T_entry` (`Id`,`Locked`,`Id_author`,`Id_reviewer`,`Id_locker`,`Name`,`Country`,`Region`,`City`,`Address`,`Year_discovery`,`Id_type`,`External_url`,`Date_inscription`,`Date_reviewed`,`Date_locked`,`Is_public`,`Is_sensitive`,`Contact`,`Modalities`,`Has_contributions`,`Latitude`,`Longitude`,`Altitude`) VALUES (735,'NO',4,1785,1785,'V05','FR','Haute-Savoie (74)','Samoëns',NULL,1963,1,NULL,'2009-01-22 15:55:09','2014-08-18 22:29:14','2014-08-18 22:29:00','YES','NO',NULL,'NO,NO,NO,NO','YES',46.10211670000000000000,6.78201670000000000000,1893);
INSERT INTO `T_entry` (`Id`,`Locked`,`Id_author`,`Id_reviewer`,`Id_locker`,`Name`,`Country`,`Region`,`City`,`Address`,`Year_discovery`,`Id_type`,`External_url`,`Date_inscription`,`Date_reviewed`,`Date_locked`,`Is_public`,`Is_sensitive`,`Contact`,`Modalities`,`Has_contributions`,`Latitude`,`Longitude`,`Altitude`) VALUES (736,'NO',4,1785,1785,'V06','FR','Haute-Savoie (74)','Samoëns',NULL,NULL,1,NULL,'2009-01-22 15:55:09','2014-08-18 22:27:03','2014-08-18 22:26:45','YES','NO',NULL,'NO,NO,NO,NO','YES',46.10273330000000000000,6.78066670000000000000,1853);
INSERT INTO `T_entry` (`Id`,`Locked`,`Id_author`,`Id_reviewer`,`Id_locker`,`Name`,`Country`,`Region`,`City`,`Address`,`Year_discovery`,`Id_type`,`External_url`,`Date_inscription`,`Date_reviewed`,`Date_locked`,`Is_public`,`Is_sensitive`,`Contact`,`Modalities`,`Has_contributions`,`Latitude`,`Longitude`,`Altitude`) VALUES (737,'NO',4,1785,1785,'V06b','FR','Haute-Savoie (74)','Samoëns',NULL,NULL,1,NULL,'2009-01-22 15:55:09','2014-08-18 22:28:05','2014-08-18 22:27:43','YES','NO',NULL,'NO,NO,NO,NO','YES',46.10245000000000000000,6.78135000000000000000,1863);
INSERT INTO `T_entry` (`Id`,`Locked`,`Id_author`,`Id_reviewer`,`Id_locker`,`Name`,`Country`,`Region`,`City`,`Address`,`Year_discovery`,`Id_type`,`External_url`,`Date_inscription`,`Date_reviewed`,`Date_locked`,`Is_public`,`Is_sensitive`,`Contact`,`Modalities`,`Has_contributions`,`Latitude`,`Longitude`,`Altitude`) VALUES (742,'NO',4,1785,1785,'V11','FR','Haute-Savoie (74)','Samoëns',NULL,NULL,1,NULL,'2009-01-22 15:55:09','2014-08-17 12:17:02','2014-08-17 12:16:36','YES','NO',NULL,'NO,NO,NO,NO','YES',46.10453330000000000000,6.78850000000000000000,2048);
INSERT INTO `T_entry` (`Id`,`Locked`,`Id_author`,`Id_reviewer`,`Id_locker`,`Name`,`Country`,`Region`,`City`,`Address`,`Year_discovery`,`Id_type`,`External_url`,`Date_inscription`,`Date_reviewed`,`Date_locked`,`Is_public`,`Is_sensitive`,`Contact`,`Modalities`,`Has_contributions`,`Latitude`,`Longitude`,`Altitude`) VALUES (6057,'NO',5,NULL,NULL,'V06ter','FR','Haute-Savoie (74)','Samoëns',NULL,2006,0,NULL,'2009-07-01 15:08:44',NULL,NULL,'YES','NO',NULL,'NO,NO,NO,NO','NO',46.10254083723306000000,6.78057610988616900000,NULL);
INSERT INTO `T_entry` (`Id`,`Locked`,`Id_author`,`Id_reviewer`,`Id_locker`,`Name`,`Country`,`Region`,`City`,`Address`,`Year_discovery`,`Id_type`,`External_url`,`Date_inscription`,`Date_reviewed`,`Date_locked`,`Is_public`,`Is_sensitive`,`Contact`,`Modalities`,`Has_contributions`,`Latitude`,`Longitude`,`Altitude`) VALUES (364,'NO',16,16,514,'Monnier (Aven de) ou Bégué Ponchon (Grotte de)','FR','Gard','Pompignan',NULL,1909,1,NULL,'2008-10-13 17:55:10','2014-03-03 00:59:13','2015-08-02 13:29:52','YES','NO',NULL,'NO,NO,NO,NO','YES',43.90948116520997000000,3.83756440531328740000,195);
INSERT INTO `T_entry` (`Id`,`Locked`,`Id_author`,`Id_reviewer`,`Id_locker`,`Name`,`Country`,`Region`,`City`,`Address`,`Year_discovery`,`Id_type`,`External_url`,`Date_inscription`,`Date_reviewed`,`Date_locked`,`Is_public`,`Is_sensitive`,`Contact`,`Modalities`,`Has_contributions`,`Latitude`,`Longitude`,`Altitude`) VALUES (365,'NO',16,16,514,'Fumaïre (Aven)','FR','Gard','Pompignan',NULL,NULL,1,NULL,'2008-10-13 17:58:28','2008-10-13 17:59:58','2011-02-20 17:52:30','YES','NO',NULL,'NO,NO,NO,NO','NO',43.91000000000000000000,3.83833333333330000000,198);
INSERT INTO `T_entry` (`Id`,`Locked`,`Id_author`,`Id_reviewer`,`Id_locker`,`Name`,`Country`,`Region`,`City`,`Address`,`Year_discovery`,`Id_type`,`External_url`,`Date_inscription`,`Date_reviewed`,`Date_locked`,`Is_public`,`Is_sensitive`,`Contact`,`Modalities`,`Has_contributions`,`Latitude`,`Longitude`,`Altitude`) VALUES (366,'NO',16,50,50,'Combe (Aven de la)','FR','Gard (30)','Pompignan',NULL,NULL,1,NULL,'2008-10-13 18:02:44','2015-08-18 00:32:50','2015-08-18 00:32:33','YES','NO',NULL,'NO,NO,NO,NO','NO',43.91000000000000000000,3.83944444444440000000,193);
INSERT INTO `T_entry` (`Id`,`Locked`,`Id_author`,`Id_reviewer`,`Id_locker`,`Name`,`Country`,`Region`,`City`,`Address`,`Year_discovery`,`Id_type`,`External_url`,`Date_inscription`,`Date_reviewed`,`Date_locked`,`Is_public`,`Is_sensitive`,`Contact`,`Modalities`,`Has_contributions`,`Latitude`,`Longitude`,`Altitude`) VALUES (367,'NO',16,NULL,NULL,'Jésus (Aven)','FR','Gard','Pompignan',NULL,NULL,1,NULL,'2008-10-13 18:05:24',NULL,NULL,'YES','NO',NULL,'NO,NO,NO,NO','NO',43.91083333333300000000,3.83916666666670000000,198);

-- JCaveEntry
-- SELECT * FROM grottoce.J_cave_entry WHERE Id_cave IN (1, 41);

INSERT INTO `J_cave_entry` (`Id_cave`,`Id_entry`) VALUES (1,1);
INSERT INTO `J_cave_entry` (`Id_cave`,`Id_entry`) VALUES (1,475);
INSERT INTO `J_cave_entry` (`Id_cave`,`Id_entry`) VALUES (1,477);
INSERT INTO `J_cave_entry` (`Id_cave`,`Id_entry`) VALUES (1,479);
INSERT INTO `J_cave_entry` (`Id_cave`,`Id_entry`) VALUES (1,515);
INSERT INTO `J_cave_entry` (`Id_cave`,`Id_entry`) VALUES (1,516);
INSERT INTO `J_cave_entry` (`Id_cave`,`Id_entry`) VALUES (1,733);
INSERT INTO `J_cave_entry` (`Id_cave`,`Id_entry`) VALUES (1,734);
INSERT INTO `J_cave_entry` (`Id_cave`,`Id_entry`) VALUES (1,735);
INSERT INTO `J_cave_entry` (`Id_cave`,`Id_entry`) VALUES (1,736);
INSERT INTO `J_cave_entry` (`Id_cave`,`Id_entry`) VALUES (1,737);
INSERT INTO `J_cave_entry` (`Id_cave`,`Id_entry`) VALUES (1,742);
INSERT INTO `J_cave_entry` (`Id_cave`,`Id_entry`) VALUES (1,6057);
INSERT INTO `J_cave_entry` (`Id_cave`,`Id_entry`) VALUES (41,364);
INSERT INTO `J_cave_entry` (`Id_cave`,`Id_entry`) VALUES (41,365);
INSERT INTO `J_cave_entry` (`Id_cave`,`Id_entry`) VALUES (41,366);
INSERT INTO `J_cave_entry` (`Id_cave`,`Id_entry`) VALUES (41,367);

-- TCaver
-- SELECT * FROM grottoce.T_caver
-- WHERE Id in (SELECT Id_author FROM grottoce.T_cave WHERE Id IN (1, 41))
-- OR Id in (SELECT Id_reviewer FROM grottoce.T_cave WHERE Id IN (1, 41))
-- OR Id in (SELECT Id_locker FROM grottoce.T_cave WHERE Id IN (1, 41))
-- OR Id in (SELECT Id_author FROM grottoce.T_entry where ID in(SELECT Id FROM grottoce.T_entry LEFT JOIN grottoce.J_cave_entry ON grottoce.T_entry.Id = grottoce.J_cave_entry.Id_entry WHERE Id_cave in (1, 41)))
-- OR Id in (SELECT Id_reviewer FROM grottoce.T_entry where ID in(SELECT Id FROM grottoce.T_entry LEFT JOIN grottoce.J_cave_entry ON grottoce.T_entry.Id = grottoce.J_cave_entry.Id_entry WHERE Id_cave in (1, 41)))
-- OR Id in (SELECT Id_locker FROM grottoce.T_entry where ID in(SELECT Id FROM grottoce.T_entry LEFT JOIN grottoce.J_cave_entry ON grottoce.T_entry.Id = grottoce.J_cave_entry.Id_entry WHERE Id_cave in (1, 41)))
-- OR Id IN (SELECT Id_author FROM grottoce.T_grotto where Id in (349,327,398,604,505,514,605,592,600,599,431,601,428,2,602))
-- OR Id in (SELECT Id_reviewer FROM grottoce.T_grotto where Id in (349,327,398,604,505,514,605,592,600,599,431,601,428,2,602))
-- OR Id in (SELECT Id_locker FROM grottoce.T_grotto where Id in (349,327,398,604,505,514,605,592,600,599,431,601,428,2,602))
-- OR Id in (SELECT Id_vice_president FROM grottoce.T_grotto where Id in (349,327,398,604,505,514,605,592,600,599,431,601,428,2,602))
-- OR Id in (SELECT Id_president FROM grottoce.T_grotto where Id in (349,327,398,604,505,514,605,592,600,599,431,601,428,2,602))
-- OR Id in (SELECT Id_treasurer FROM grottoce.T_grotto where Id in (349,327,398,604,505,514,605,592,600,599,431,601,428,2,602))
-- OR Id in (SELECT Id_secretary FROM grottoce.T_grotto where Id in (349,327,398,604,505,514,605,592,600,599,431,601,428,2,602));

INSERT INTO `T_caver` (`Id`,`Activated`,`Activation_code`,`Banned`,`Ip`,`Browser`,`Connection_counter`,`Relevance`,`Name`,`Surname`,`Login`,`Nickname`,`Password`,`Country`,`Region`,`City`,`Postal_code`,`Address`,`Date_birth`,`Contact`,`Year_initiation`,`Date_inscription`,`Date_last_connection`,`Language`,`Contact_is_public`,`Alert_for_news`,`Show_links`,`Detail_level`,`Latitude`,`Longitude`,`Default_latitude`,`Default_longitude`,`Default_zoom`,`Custom_message`,`Facebook`,`Picture_file_name`) VALUES (4,'YES','0','NO','88.165.144.57','Mozilla/5.0 (Windows NT 6.1; WOW64; rv:26.0) Gecko/20100101 Firefox/26.0',53,30,'Lips','Stéphane','P\'tit Lips','Stéphane Lips','bfe5585b73839cab68ae7e70085ea6d1','ZA','Gauteng','Pretoria',NULL,NULL,'1983-10-28','stephane.lips@free.fr',1997,'2008-07-28 15:02:08','2014-01-14 23:06:48','Fr',1,'NO','NO',100,-25.75815531167537400000,28.24383258819580000000,46.95026224218560000000,4.28466796875000000000,7,NULL,NULL,NULL);
INSERT INTO `T_caver` (`Id`,`Activated`,`Activation_code`,`Banned`,`Ip`,`Browser`,`Connection_counter`,`Relevance`,`Name`,`Surname`,`Login`,`Nickname`,`Password`,`Country`,`Region`,`City`,`Postal_code`,`Address`,`Date_birth`,`Contact`,`Year_initiation`,`Date_inscription`,`Date_last_connection`,`Language`,`Contact_is_public`,`Alert_for_news`,`Show_links`,`Detail_level`,`Latitude`,`Longitude`,`Default_latitude`,`Default_longitude`,`Default_zoom`,`Custom_message`,`Facebook`,`Picture_file_name`) VALUES (5,'YES','0','NO','2.6.134.194','Mozilla/5.0 (Macintosh; U; Intel Mac OS X 10_5_8; fr-fr) AppleWebKit/533.21.1 (KHTML, like Gecko) Version/5.0.5 Safari/533.21.1',56,1457,'Robert','Xavier','Xav','Xavier Robert','19b4508fa12b7b240c2cef9970d26a10','CA','Quebec','Montreal','0','6978 rue Chabot','1980-10-29','xavier.bobrobertx@gmail.com',2001,'2008-07-28 15:55:34','2011-05-24 14:32:24','Fr',1,'YES','YES',10,45.54830490000000000000,-73.60424650000000000000,45.18076635790090000000,5.71095943450928000000,15,NULL,NULL,'xav-5.jpg');
INSERT INTO `T_caver` (`Id`,`Activated`,`Activation_code`,`Banned`,`Ip`,`Browser`,`Connection_counter`,`Relevance`,`Name`,`Surname`,`Login`,`Nickname`,`Password`,`Country`,`Region`,`City`,`Postal_code`,`Address`,`Date_birth`,`Contact`,`Year_initiation`,`Date_inscription`,`Date_last_connection`,`Language`,`Contact_is_public`,`Alert_for_news`,`Show_links`,`Detail_level`,`Latitude`,`Longitude`,`Default_latitude`,`Default_longitude`,`Default_zoom`,`Custom_message`,`Facebook`,`Picture_file_name`) VALUES (7,'YES','0','NO','82.224.208.17','Mozilla/5.0 (Macintosh; U; Intel Mac OS X 10_5_4; fr-fr) AppleWebKit/525.18 (KHTML, like Gecko) Version/3.1.2 Safari/525.20.1',1,1,'Pauline Evrard','Evrard','Pauline','Evrard Pauline Evrar','6668ec64380510cd79ea848dd6d510d1','FR','Rhone','Villeurbanne','69100','30 rue Armand','2010-01-01','pauline_evrardguespin@yahoo.fr',2005,'2008-07-28 18:02:48','2008-07-28 18:04:37','Fr',1,'NO','NO',30,45.77965100000000000000,4.88795700000000000000,45.78081319117550000000,4.88934516906738000000,15,NULL,NULL,NULL);
INSERT INTO `T_caver` (`Id`,`Activated`,`Activation_code`,`Banned`,`Ip`,`Browser`,`Connection_counter`,`Relevance`,`Name`,`Surname`,`Login`,`Nickname`,`Password`,`Country`,`Region`,`City`,`Postal_code`,`Address`,`Date_birth`,`Contact`,`Year_initiation`,`Date_inscription`,`Date_last_connection`,`Language`,`Contact_is_public`,`Alert_for_news`,`Show_links`,`Detail_level`,`Latitude`,`Longitude`,`Default_latitude`,`Default_longitude`,`Default_zoom`,`Custom_message`,`Facebook`,`Picture_file_name`) VALUES (16,'YES','0','NO','81.251.128.47','Mozilla/5.0 (Macintosh; Intel Mac OS X 10_8_5) AppleWebKit/536.30.1 (KHTML, like Gecko) Version/6.0.5 Safari/536.30.1',1047,3496,'Boinet','Nathanaël','Nathan','Nathan','7ec705f872d64b17cb0c3c49d12b06f1','FR','Hérault (34)','Valflaunes','34270',NULL,'1972-10-18','nathan.boinet@cegetel.net',1980,'2008-07-29 11:42:01','2015-11-15 01:56:02','Fr',2,'YES','NO',100,43.79516393997210600000,3.83503266060790800000,43.66588482492509000000,3.77655029296875000000,10,'\"Le karst c\'est comme une petite culotte, le plus intéressant est caché dessous\"\r\nhttp://gsispeleo.wix.com/gsispeleo',NULL,'nathan-16.jpg');
INSERT INTO `T_caver` (`Id`,`Activated`,`Activation_code`,`Banned`,`Ip`,`Browser`,`Connection_counter`,`Relevance`,`Name`,`Surname`,`Login`,`Nickname`,`Password`,`Country`,`Region`,`City`,`Postal_code`,`Address`,`Date_birth`,`Contact`,`Year_initiation`,`Date_inscription`,`Date_last_connection`,`Language`,`Contact_is_public`,`Alert_for_news`,`Show_links`,`Detail_level`,`Latitude`,`Longitude`,`Default_latitude`,`Default_longitude`,`Default_zoom`,`Custom_message`,`Facebook`,`Picture_file_name`) VALUES (50,'YES','0','NO','90.44.6.116','Mozilla/5.0 (Windows NT 10.0; WOW64) AppleWebKit/537.36 (KHTML, like Gecko) Chrome/46.0.2490.80 Safari/537.36',145,51,'Thomachot','Bernard','BTH','Bernard Thomachot','d8758ab7623fd4325687e589887d9760','FR','Ile-de-France','PARIS','75019','137 rue Manin','1956-09-05','bernard.thomachot2@wanadoo.fr',1984,'2008-08-08 11:08:45','2015-11-18 22:42:49','Fr',1,'YES','YES',30,48.88442900000000000000,2.39145600000000000000,44.89835261841914000000,5.39055347442626950000,16,'Bonjour','Bernard Thomachot','bth-50.png');
INSERT INTO `T_caver` (`Id`,`Activated`,`Activation_code`,`Banned`,`Ip`,`Browser`,`Connection_counter`,`Relevance`,`Name`,`Surname`,`Login`,`Nickname`,`Password`,`Country`,`Region`,`City`,`Postal_code`,`Address`,`Date_birth`,`Contact`,`Year_initiation`,`Date_inscription`,`Date_last_connection`,`Language`,`Contact_is_public`,`Alert_for_news`,`Show_links`,`Detail_level`,`Latitude`,`Longitude`,`Default_latitude`,`Default_longitude`,`Default_zoom`,`Custom_message`,`Facebook`,`Picture_file_name`) VALUES (91,'YES','0','NO','213.173.175.4','Mozilla/5.0 (Windows NT 5.1; rv:2.0.1) Gecko/20100101 Firefox/4.0.1',64,53,'Kessi','Didier','Didier','Didier Kessi','83ab406b846e9f3896b9ffbfb8660bd5','CH','Vaud','Mont-sur-Rolle','1185','Ch. des Coccinelles 4c','1962-02-18','didier@speleo.ch',1978,'2008-08-26 07:37:07','2011-06-01 14:54:35','Fr',1,'YES','YES',30,46.46450500000000000000,6.34453700000000000000,46.46813299215554000000,6.83898925781249900000,8,'Société Suisse de Spéléologie\r\nRelations presse et médias\r\nVice président romand\r\nhttp://www.speleo.ch\r\nhttp://www.speleologue.ch',NULL,'didier-91.jpg');
INSERT INTO `T_caver` (`Id`,`Activated`,`Activation_code`,`Banned`,`Ip`,`Browser`,`Connection_counter`,`Relevance`,`Name`,`Surname`,`Login`,`Nickname`,`Password`,`Country`,`Region`,`City`,`Postal_code`,`Address`,`Date_birth`,`Contact`,`Year_initiation`,`Date_inscription`,`Date_last_connection`,`Language`,`Contact_is_public`,`Alert_for_news`,`Show_links`,`Detail_level`,`Latitude`,`Longitude`,`Default_latitude`,`Default_longitude`,`Default_zoom`,`Custom_message`,`Facebook`,`Picture_file_name`) VALUES (427,'YES','0','NO','78.214.90.76','Mozilla/5.0 (Windows NT 10.0; rv:42.0) Gecko/20100101 Firefox/42.0',1381,5745,'Urien','Frédéric','furien','Frédéric Urien','86645c43f13362825f20b31c46923eb8','FR','Haute Savoie (74)','Bernex','74500',NULL,NULL,'fredericurien@free.fr',NULL,'2009-10-20 21:32:56','2015-11-14 16:53:53','Fr',1,'YES','YES',600,46.35733946697321500000,6.69812500476837200000,46.35652495513333000000,6.66818618774414100000,13,NULL,NULL,'furien-427.jpeg');
INSERT INTO `T_caver` (`Id`,`Activated`,`Activation_code`,`Banned`,`Ip`,`Browser`,`Connection_counter`,`Relevance`,`Name`,`Surname`,`Login`,`Nickname`,`Password`,`Country`,`Region`,`City`,`Postal_code`,`Address`,`Date_birth`,`Contact`,`Year_initiation`,`Date_inscription`,`Date_last_connection`,`Language`,`Contact_is_public`,`Alert_for_news`,`Show_links`,`Detail_level`,`Latitude`,`Longitude`,`Default_latitude`,`Default_longitude`,`Default_zoom`,`Custom_message`,`Facebook`,`Picture_file_name`) VALUES (477,'YES','0','NO','195.68.18.137','Mozilla/5.0 (Windows NT 6.1) AppleWebKit/537.36 (KHTML, like Gecko) Chrome/46.0.2490.86 Safari/537.36',75,1,'Durand','Vincent','Vincent','Vincent Durand','eb969f66140b93558be3fb062f540936','FR','Hérault','Le Rouet','34380','Les Camps','1963-11-28','vincentdurand63@orange.fr',1979,'2009-11-29 18:26:24','2015-11-18 12:37:32','Fr',1,'YES','NO',30,43.81060795271048000000,3.81257772445678700000,43.79488907226601000000,3.78753662109375000000,13,NULL,NULL,NULL);
INSERT INTO `T_caver` (`Id`,`Activated`,`Activation_code`,`Banned`,`Ip`,`Browser`,`Connection_counter`,`Relevance`,`Name`,`Surname`,`Login`,`Nickname`,`Password`,`Country`,`Region`,`City`,`Postal_code`,`Address`,`Date_birth`,`Contact`,`Year_initiation`,`Date_inscription`,`Date_last_connection`,`Language`,`Contact_is_public`,`Alert_for_news`,`Show_links`,`Detail_level`,`Latitude`,`Longitude`,`Default_latitude`,`Default_longitude`,`Default_zoom`,`Custom_message`,`Facebook`,`Picture_file_name`) VALUES (514,'YES','zEXURY3eoa','NO','77.128.0.213','Mozilla/5.0 (Windows NT 6.1; WOW64) AppleWebKit/537.36 (KHTML, like Gecko) Chrome/44.0.2403.157 Safari/537.36',523,84,'Bigot','Jean-Yves','bigot','Jean-yves Bigot','8cb3cc055269b1ca3f3d2d45b7a66905','FR',NULL,NULL,NULL,NULL,NULL,'catherine.arnoux@club-internet.fr',NULL,'2010-01-12 20:35:59','2015-08-29 19:22:59','Fr',1,'YES','NO',30,43.62545188709195000000,3.86534214019775400000,43.62618190862862000000,3.86523485183715800000,4,NULL,NULL,NULL);
INSERT INTO `T_caver` (`Id`,`Activated`,`Activation_code`,`Banned`,`Ip`,`Browser`,`Connection_counter`,`Relevance`,`Name`,`Surname`,`Login`,`Nickname`,`Password`,`Country`,`Region`,`City`,`Postal_code`,`Address`,`Date_birth`,`Contact`,`Year_initiation`,`Date_inscription`,`Date_last_connection`,`Language`,`Contact_is_public`,`Alert_for_news`,`Show_links`,`Detail_level`,`Latitude`,`Longitude`,`Default_latitude`,`Default_longitude`,`Default_zoom`,`Custom_message`,`Facebook`,`Picture_file_name`) VALUES (557,'YES','YiESEneTYz','NO','92.144.14.108','Mozilla/5.0 (Windows NT 6.1; WOW64; rv:35.0) Gecko/20100101 Firefox/35.0',6,1,'Gerault','Pierre','pgerault','Pierre Gerault','1a9a4aa9b956edf041280e1074adf3cc','FR',NULL,'ORGNAC L AVEN','7150',NULL,NULL,'pierre.gerault@gmail.com',NULL,'2010-02-05 15:46:01','2015-01-22 02:45:14','Fr',1,'YES','NO',50,44.31862854760649400000,4.41234111785888700000,44.32409368576796000000,4.40380096435546900000,12,NULL,NULL,NULL);
INSERT INTO `T_caver` (`Id`,`Activated`,`Activation_code`,`Banned`,`Ip`,`Browser`,`Connection_counter`,`Relevance`,`Name`,`Surname`,`Login`,`Nickname`,`Password`,`Country`,`Region`,`City`,`Postal_code`,`Address`,`Date_birth`,`Contact`,`Year_initiation`,`Date_inscription`,`Date_last_connection`,`Language`,`Contact_is_public`,`Alert_for_news`,`Show_links`,`Detail_level`,`Latitude`,`Longitude`,`Default_latitude`,`Default_longitude`,`Default_zoom`,`Custom_message`,`Facebook`,`Picture_file_name`) VALUES (1042,'YES','hykaoY0YmU','NO','93.10.5.137','Mozilla/5.0 (Windows NT 6.1; WOW64; rv:7.0.1) Gecko/20100101 Firefox/7.0.1',9,1,'Gardere','yann','bugbug','Yann Gardere','b1e3093c31bc89a014895f1438e0fb83','FR',NULL,NULL,NULL,NULL,NULL,'gardere.yann@gmail.com',NULL,'2011-10-12 15:26:09','2011-11-01 21:25:22','Fr',1,'YES','NO',30,0.00000000000000000000,0.00000000000000000000,45.66396641582405600000,6.33361816406250000000,10,NULL,NULL,NULL);
INSERT INTO `T_caver` (`Id`,`Activated`,`Activation_code`,`Banned`,`Ip`,`Browser`,`Connection_counter`,`Relevance`,`Name`,`Surname`,`Login`,`Nickname`,`Password`,`Country`,`Region`,`City`,`Postal_code`,`Address`,`Date_birth`,`Contact`,`Year_initiation`,`Date_inscription`,`Date_last_connection`,`Language`,`Contact_is_public`,`Alert_for_news`,`Show_links`,`Detail_level`,`Latitude`,`Longitude`,`Default_latitude`,`Default_longitude`,`Default_zoom`,`Custom_message`,`Facebook`,`Picture_file_name`) VALUES (1051,'YES','buWUcYNUVa','NO','92.158.203.129','Mozilla/5.0 (X11; Ubuntu; Linux x86_64; rv:34.0) Gecko/20100101 Firefox/34.0',10,1,'Demars','Guy','taupe.grise','Guy Demars','4ce7ad2083809050792ab7c5904623b7','FR','Vaucluse (84)','Vedène','84270','38, chemin des Closons','1956-05-25','taupe.grise@gmail.com',1970,'2011-10-19 17:27:27','2015-01-12 21:41:50','Fr',1,'YES','NO',30,43.97854878875382000000,4.91792678833007800000,43.76613528096094500000,5.19241333007812500000,10,NULL,'Taupe-grise','taupegrise-1051.jpg');
INSERT INTO `T_caver` (`Id`,`Activated`,`Activation_code`,`Banned`,`Ip`,`Browser`,`Connection_counter`,`Relevance`,`Name`,`Surname`,`Login`,`Nickname`,`Password`,`Country`,`Region`,`City`,`Postal_code`,`Address`,`Date_birth`,`Contact`,`Year_initiation`,`Date_inscription`,`Date_last_connection`,`Language`,`Contact_is_public`,`Alert_for_news`,`Show_links`,`Detail_level`,`Latitude`,`Longitude`,`Default_latitude`,`Default_longitude`,`Default_zoom`,`Custom_message`,`Facebook`,`Picture_file_name`) VALUES (1412,'YES','Aga3YcE5at','NO','91.209.107.1','Mozilla/5.0 (Windows NT 6.1; WOW64; rv:38.0) Gecko/20100101 Firefox/38.0',122,22,'C','Fred','Zuulcoder','Zuulcoder','efa60b49e638ab754453788cfe28c915','FR',NULL,'Montpellier','34090',NULL,'1969-11-06','zuulcoder@hotmail.com',2013,'2013-04-09 00:32:42','2015-10-13 14:05:38','Fr',1,'NO','NO',30,43.62576253563797000000,3.87051343917846700000,43.71354951931429000000,3.66874694824218750000,11,NULL,NULL,'zuulcoder-1412.jpg');
INSERT INTO `T_caver` (`Id`,`Activated`,`Activation_code`,`Banned`,`Ip`,`Browser`,`Connection_counter`,`Relevance`,`Name`,`Surname`,`Login`,`Nickname`,`Password`,`Country`,`Region`,`City`,`Postal_code`,`Address`,`Date_birth`,`Contact`,`Year_initiation`,`Date_inscription`,`Date_last_connection`,`Language`,`Contact_is_public`,`Alert_for_news`,`Show_links`,`Detail_level`,`Latitude`,`Longitude`,`Default_latitude`,`Default_longitude`,`Default_zoom`,`Custom_message`,`Facebook`,`Picture_file_name`) VALUES (1414,'YES','E1usYHYzY6','NO','81.251.205.82','Mozilla/5.0 (Windows NT 6.1; WOW64) AppleWebKit/537.36 (KHTML, like Gecko) Chrome/46.0.2490.86 Safari/537.36',140,1,'Colinet','patrick','patrick colinet','Patrick Colinet','da7bc248070357ddfadf4e196e884452','FR',NULL,'montpellier','34090',NULL,'1955-01-17','patrickcolinet@yahoo.fr',1968,'2013-04-13 10:03:30','2015-11-17 20:30:20','Fr',1,'YES','NO',30,43.62349476433668400000,3.86049270629882800000,43.79439343440012000000,3.77037048339843750000,11,NULL,NULL,NULL);
INSERT INTO `T_caver` (`Id`,`Activated`,`Activation_code`,`Banned`,`Ip`,`Browser`,`Connection_counter`,`Relevance`,`Name`,`Surname`,`Login`,`Nickname`,`Password`,`Country`,`Region`,`City`,`Postal_code`,`Address`,`Date_birth`,`Contact`,`Year_initiation`,`Date_inscription`,`Date_last_connection`,`Language`,`Contact_is_public`,`Alert_for_news`,`Show_links`,`Detail_level`,`Latitude`,`Longitude`,`Default_latitude`,`Default_longitude`,`Default_zoom`,`Custom_message`,`Facebook`,`Picture_file_name`) VALUES (1492,'YES','Y7aLe7aWeS','NO','128.178.65.12','Mozilla/4.0 (compatible; MSIE 8.0; Windows NT 5.1; Trident/4.0; .NET CLR 1.1.4322; .NET CLR 2.0.50727; InfoPath.1; .NET CLR 3.0.4506.2152; .NET CLR 3.5.30729; InfoPath.2)',45,50,'Dutruit','Jacques','JackCH','Jacques Dutruit','65f48def40829f110f98d30c713a3eb3','CH',NULL,NULL,NULL,NULL,NULL,'webmaster@speleo-lausanne.ch',NULL,'2013-06-28 17:48:00','2014-04-17 12:02:33','Fr',1,'NO','NO',30,46.51954010706036500000,6.57136917114257800000,46.45488927067795000000,7.05322265625000000000,9,NULL,NULL,NULL);
INSERT INTO `T_caver` (`Id`,`Activated`,`Activation_code`,`Banned`,`Ip`,`Browser`,`Connection_counter`,`Relevance`,`Name`,`Surname`,`Login`,`Nickname`,`Password`,`Country`,`Region`,`City`,`Postal_code`,`Address`,`Date_birth`,`Contact`,`Year_initiation`,`Date_inscription`,`Date_last_connection`,`Language`,`Contact_is_public`,`Alert_for_news`,`Show_links`,`Detail_level`,`Latitude`,`Longitude`,`Default_latitude`,`Default_longitude`,`Default_zoom`,`Custom_message`,`Facebook`,`Picture_file_name`) VALUES (1588,'YES','YFeguTASeD','NO','80.215.161.36','Mozilla/5.0 (Mobile; Windows Phone 8.1; Android 4.0; ARM; Trident/7.0; Touch; rv:11.0; IEMobile/11.0; NOKIA; Lumia 735) like iPhone OS 7_0_3 Mac OS X AppleWebKit/537 (KHTML, like Gecko) Mobile Safari/537',62,18,'Bertrand','Gosselin','bertie','Gosselin Bertrand','128cf3fa3ee799eae07bfd230c0790ea','FR','59',NULL,'59650',NULL,NULL,'bertie@caramail.com',2002,'2013-10-29 12:03:44','2015-10-30 14:03:02','Fr',1,'YES','NO',30,0.00000000000000000000,0.00000000000000000000,46.22763800000000000000,2.21374900000000000000,4,NULL,NULL,'bertie-1588.jpg');
INSERT INTO `T_caver` (`Id`,`Activated`,`Activation_code`,`Banned`,`Ip`,`Browser`,`Connection_counter`,`Relevance`,`Name`,`Surname`,`Login`,`Nickname`,`Password`,`Country`,`Region`,`City`,`Postal_code`,`Address`,`Date_birth`,`Contact`,`Year_initiation`,`Date_inscription`,`Date_last_connection`,`Language`,`Contact_is_public`,`Alert_for_news`,`Show_links`,`Detail_level`,`Latitude`,`Longitude`,`Default_latitude`,`Default_longitude`,`Default_zoom`,`Custom_message`,`Facebook`,`Picture_file_name`) VALUES (1628,'YES','8a3YOa0AFY','NO','128.178.65.12','Mozilla/4.0 (compatible; MSIE 8.0; Windows NT 5.1; Trident/4.0; .NET CLR 1.1.4322; .NET CLR 2.0.50727; InfoPath.1; .NET CLR 3.0.4506.2152; .NET CLR 3.5.30729; InfoPath.2)',50,20,'De Lausanne','Groupe Spéléo','GSL','GS Lausanne','b1580818881ada1e738a5d6b7be31862','CH',NULL,NULL,NULL,NULL,NULL,'frederic@urien.fr',NULL,'2013-12-05 13:13:33','2014-10-27 17:47:27','Fr',0,'YES','NO',30,0.00000000000000000000,0.00000000000000000000,NULL,NULL,NULL,NULL,NULL,NULL);
INSERT INTO `T_caver` (`Id`,`Activated`,`Activation_code`,`Banned`,`Ip`,`Browser`,`Connection_counter`,`Relevance`,`Name`,`Surname`,`Login`,`Nickname`,`Password`,`Country`,`Region`,`City`,`Postal_code`,`Address`,`Date_birth`,`Contact`,`Year_initiation`,`Date_inscription`,`Date_last_connection`,`Language`,`Contact_is_public`,`Alert_for_news`,`Show_links`,`Detail_level`,`Latitude`,`Longitude`,`Default_latitude`,`Default_longitude`,`Default_zoom`,`Custom_message`,`Facebook`,`Picture_file_name`) VALUES (1785,'YES','yiezyJEryr','NO','109.210.228.142','Mozilla/5.0 (Windows NT 6.1; WOW64; rv:31.0) Gecko/20100101 Firefox/31.0',36,4213,'Vulcains','Groupe Spéléologique des','vulcains','GS Vulcains','3dbf067997f92f47fa2e4982fec874db','FR',NULL,NULL,NULL,NULL,NULL,'frederic@urien.fr',NULL,'2014-08-01 14:49:26','2014-08-20 10:25:43','Fr',0,'NO','NO',30,0.00000000000000000000,0.00000000000000000000,NULL,NULL,4,NULL,NULL,NULL);
INSERT INTO `T_caver` (`Id`,`Activated`,`Activation_code`,`Banned`,`Ip`,`Browser`,`Connection_counter`,`Relevance`,`Name`,`Surname`,`Login`,`Nickname`,`Password`,`Country`,`Region`,`City`,`Postal_code`,`Address`,`Date_birth`,`Contact`,`Year_initiation`,`Date_inscription`,`Date_last_connection`,`Language`,`Contact_is_public`,`Alert_for_news`,`Show_links`,`Detail_level`,`Latitude`,`Longitude`,`Default_latitude`,`Default_longitude`,`Default_zoom`,`Custom_message`,`Facebook`,`Picture_file_name`) VALUES (2171,'YES','aGE9yTUJyM','NO','79.82.118.133','Mozilla/5.0 (Windows NT 6.3; WOW64; Trident/7.0; rv:11.0) like Gecko',1,1,'Leroy','mickael','mick07','Mickael Leroy','2d488521d3dcd8ad131bc42468482b79','FR',NULL,'orgnac l\'aven','7150',NULL,NULL,'leroy.mick@gmail.com',NULL,'2015-11-04 18:08:02','2015-11-04 18:09:38','Fr',1,'YES','NO',30,0.00000000000000000000,0.00000000000000000000,47.75000000000000000000,2.11000000000001360000,4,NULL,NULL,NULL);
INSERT INTO `T_caver` (`Id`,`Activated`,`Activation_code`,`Banned`,`Ip`,`Browser`,`Connection_counter`,`Relevance`,`Name`,`Surname`,`Login`,`Nickname`,`Password`,`Country`,`Region`,`City`,`Postal_code`,`Address`,`Date_birth`,`Contact`,`Year_initiation`,`Date_inscription`,`Date_last_connection`,`Language`,`Contact_is_public`,`Alert_for_news`,`Show_links`,`Detail_level`,`Latitude`,`Longitude`,`Default_latitude`,`Default_longitude`,`Default_zoom`,`Custom_message`,`Facebook`,`Picture_file_name`) VALUES (1,'NO','0','NO',NULL,NULL,0,1,NULL,NULL,'test','test','098f6bcd4621d373cade4e832627b4f6',NULL,NULL,'Ville',NULL,NULL,NULL,'test@test.com',NULL,NULL,NULL,'',0,'NO','NO',30,0.00000000000000000000,0.00000000000000000000,NULL,NULL,NULL,NULL,NULL,NULL);

-- TGrotto
-- SELECT * FROM grottoce.T_grotto WHERE Id IN (349,327,398,604,505,514,605,592,600,599,431,601,428,2,602);

INSERT INTO `T_grotto` (`Id`,`Locked`,`Id_author`,`Id_reviewer`,`Id_locker`,`Name`,`Country`,`Region`,`City`,`Postal_code`,`Address`,`Contact`,`Year_birth`,`Date_inscription`,`Date_reviewed`,`Date_locked`,`Id_president`,`Id_vice_president`,`Id_treasurer`,`Id_secretary`,`Latitude`,`Longitude`,`Custom_message`,`Picture_file_name`,`isPartner`) VALUES (2,'NO',4,427,'427','G.S. Vulcain','FR','Rhône (69)','Lyon 09','69009','36, av Sidoine Appolinaire','josiane.lips@free.fr','1958','2008-07-28 15:05:45','2016-08-26 13:30:35','2016-08-26 13:30:16',NULL,NULL,7,NULL,45.77392000000000000000,4.79506200000003000000,'http://www.groupe-speleo-vulcain.com/','vulcain.gif','YES');
INSERT INTO `T_grotto` (`Id`,`Locked`,`Id_author`,`Id_reviewer`,`Id_locker`,`Name`,`Country`,`Region`,`City`,`Postal_code`,`Address`,`Contact`,`Year_birth`,`Date_inscription`,`Date_reviewed`,`Date_locked`,`Id_president`,`Id_vice_president`,`Id_treasurer`,`Id_secretary`,`Latitude`,`Longitude`,`Custom_message`,`Picture_file_name`,`isPartner`) VALUES (327,'NO',427,427,'427','Spéléo Club des Mémises','FR','Haute-Savoie (74)','Thollon','74500',NULL,'christian.neviere@wanadoo.fr',NULL,'2009-10-20 21:59:48','2016-08-27 09:50:31','2016-08-27 09:50:26',NULL,NULL,427,NULL,46.39025039258308000000,6.69741153717041000000,'http://scmemises.cds74.org','scmemises.jpg','YES');
INSERT INTO `T_grotto` (`Id`,`Locked`,`Id_author`,`Id_reviewer`,`Id_locker`,`Name`,`Country`,`Region`,`City`,`Postal_code`,`Address`,`Contact`,`Year_birth`,`Date_inscription`,`Date_reviewed`,`Date_locked`,`Id_president`,`Id_vice_president`,`Id_treasurer`,`Id_secretary`,`Latitude`,`Longitude`,`Custom_message`,`Picture_file_name`,`isPartner`) VALUES (349,'NO',91,1492,'1628','GSL (Groupe Spéléo Lausanne)','CH','Vaud','Bussigny-près-Lausanne','1030',NULL,'president@speleo-lausanne.ch','1950','2010-03-10 14:11:00','2013-07-03 11:01:23','2013-12-19 17:26:39',NULL,NULL,NULL,NULL,46.55130547880643000000,6.55291557312011700000,NULL,'gsl.png','YES');
INSERT INTO `T_grotto` (`Id`,`Locked`,`Id_author`,`Id_reviewer`,`Id_locker`,`Name`,`Country`,`Region`,`City`,`Postal_code`,`Address`,`Contact`,`Year_birth`,`Date_inscription`,`Date_reviewed`,`Date_locked`,`Id_president`,`Id_vice_president`,`Id_treasurer`,`Id_secretary`,`Latitude`,`Longitude`,`Custom_message`,`Picture_file_name`,`isPartner`) VALUES (398,'NO',1042,427,'427','CAF Albertville','FR','Savoie (73)','Albertville','73200',NULL,'gardere.yann@gmail.com',NULL,'2011-10-13 12:28:27','2016-08-27 09:54:24','2016-08-27 09:54:16',NULL,NULL,NULL,NULL,45.67548217560647000000,6.38854980468750000000,'http://speleocaf73.canalblog.com/','speleocaf73.jpg','YES');
INSERT INTO `T_grotto` (`Id`,`Locked`,`Id_author`,`Id_reviewer`,`Id_locker`,`Name`,`Country`,`Region`,`City`,`Postal_code`,`Address`,`Contact`,`Year_birth`,`Date_inscription`,`Date_reviewed`,`Date_locked`,`Id_president`,`Id_vice_president`,`Id_treasurer`,`Id_secretary`,`Latitude`,`Longitude`,`Custom_message`,`Picture_file_name`,`isPartner`) VALUES (428,'NO',16,427,'427','Groupe Spéléo Indépendant (GSI)','FR','Hérault (34)','Montpellier','34090','339 route de Mende','gsi.speleo@gmail.com','2013','2013-01-27 15:41:26','2016-08-26 13:26:35','2016-08-26 13:26:01',1414,1412,16,477,43.62569953892888500000,3.87044850122333630000,'http://gsispeleo.wix.com/gsispeleo','gsi.png','YES');
INSERT INTO `T_grotto` (`Id`,`Locked`,`Id_author`,`Id_reviewer`,`Id_locker`,`Name`,`Country`,`Region`,`City`,`Postal_code`,`Address`,`Contact`,`Year_birth`,`Date_inscription`,`Date_reviewed`,`Date_locked`,`Id_president`,`Id_vice_president`,`Id_treasurer`,`Id_secretary`,`Latitude`,`Longitude`,`Custom_message`,`Picture_file_name`,`isPartner`) VALUES (431,'NO',1051,427,'427','GSBM (Gr. Spéléo Bagnols-Marcoule)','FR','Gard (30)','Bagnols-sur-Cèze','30200',NULL,'valerieperret30@orange.fr','1972','2013-02-02 00:16:01','2016-08-26 13:25:04','2016-08-26 13:24:23',NULL,NULL,NULL,NULL,44.17186239653775000000,4.61962223052978500000,'http://www.gsbm.fr/','gsbm.jpg','YES');
INSERT INTO `T_grotto` (`Id`,`Locked`,`Id_author`,`Id_reviewer`,`Id_locker`,`Name`,`Country`,`Region`,`City`,`Postal_code`,`Address`,`Contact`,`Year_birth`,`Date_inscription`,`Date_reviewed`,`Date_locked`,`Id_president`,`Id_vice_president`,`Id_treasurer`,`Id_secretary`,`Latitude`,`Longitude`,`Custom_message`,`Picture_file_name`,`isPartner`) VALUES (505,'NO',1588,427,'427','CAF Lille -  Section Spéléo','FR','Nord (59)','Lille','59000','42, rue Gantois','bertie@caramail.com',NULL,'2015-02-15 15:16:25','2016-08-27 10:06:23','2016-08-27 10:06:19',NULL,NULL,NULL,NULL,50.62262273482456000000,3.05947780609130860000,'http://clubalpinlille.fr/speleo/presentation/present_speleo.php','CAF-Lille.png','YES');
INSERT INTO `T_grotto` (`Id`,`Locked`,`Id_author`,`Id_reviewer`,`Id_locker`,`Name`,`Country`,`Region`,`City`,`Postal_code`,`Address`,`Contact`,`Year_birth`,`Date_inscription`,`Date_reviewed`,`Date_locked`,`Id_president`,`Id_vice_president`,`Id_treasurer`,`Id_secretary`,`Latitude`,`Longitude`,`Custom_message`,`Picture_file_name`,`isPartner`) VALUES (514,'NO',2171,427,'427','GASO et GASOIL','FR','Ardèche (07)','Orgnac-l\'Aven','07150',NULL,'leroy.mick@gmail.com','1985','2015-11-04 18:14:36','2016-08-27 10:08:26','2016-08-27 10:08:22',NULL,NULL,557,2171,44.35942800000000000000,4.45705299999997350000,'http://g-a-s-o.blogspot.fr/','gasoil.png','YES');
INSERT INTO `T_grotto` (`Id`,`Locked`,`Id_author`,`Id_reviewer`,`Id_locker`,`Name`,`Country`,`Region`,`City`,`Postal_code`,`Address`,`Contact`,`Year_birth`,`Date_inscription`,`Date_reviewed`,`Date_locked`,`Id_president`,`Id_vice_president`,`Id_treasurer`,`Id_secretary`,`Latitude`,`Longitude`,`Custom_message`,`Picture_file_name`,`isPartner`) VALUES (592,'NO',2470,427,'427','Indonesian Speleological Society','ID','West Java','BOGOR','16710','Ciluar Permai C4-23 Rt 02 Rw. 08','cahyo.rahmadi@gmail.com ','2015','2016-04-13 18:38:12','2016-08-26 12:58:16','2016-08-26 12:57:10',2470,NULL,NULL,NULL,-6.49475902663423600000,106.85234069824219000000,'http://caves.or.id','iss.png','YES');
INSERT INTO `T_grotto` (`Id`,`Locked`,`Id_author`,`Id_reviewer`,`Id_locker`,`Name`,`Country`,`Region`,`City`,`Postal_code`,`Address`,`Contact`,`Year_birth`,`Date_inscription`,`Date_reviewed`,`Date_locked`,`Id_president`,`Id_vice_president`,`Id_treasurer`,`Id_secretary`,`Latitude`,`Longitude`,`Custom_message`,`Picture_file_name`,`isPartner`) VALUES (599,'NO',427,427,'427','CDS 46','FR','Lot (46)','Labastide-Murat','46240','Mairie de Labastide-Murat',NULL,NULL,'2016-08-26 13:04:31','2016-08-26 13:09:54','2016-08-26 13:09:47',NULL,NULL,NULL,NULL,44.64748744640585000000,1.56761975990673360000,'http://www.cds46.fr/','cds46.jpg','YES');
INSERT INTO `T_grotto` (`Id`,`Locked`,`Id_author`,`Id_reviewer`,`Id_locker`,`Name`,`Country`,`Region`,`City`,`Postal_code`,`Address`,`Contact`,`Year_birth`,`Date_inscription`,`Date_reviewed`,`Date_locked`,`Id_president`,`Id_vice_president`,`Id_treasurer`,`Id_secretary`,`Latitude`,`Longitude`,`Custom_message`,`Picture_file_name`,`isPartner`) VALUES (600,'NO',427,427,'427','CDS 11','FR','Aude (11)','Carcassonne','11000','Maison des Sports - 8, rue Camille Saint Saëns',NULL,NULL,'2016-08-26 13:09:25','2016-08-26 13:22:56','2016-08-26 13:21:25',NULL,NULL,NULL,NULL,43.20739479307773000000,2.36682415008544900000,'http://cdspeleo11.free.fr/','cds11.jpg','YES');
INSERT INTO `T_grotto` (`Id`,`Locked`,`Id_author`,`Id_reviewer`,`Id_locker`,`Name`,`Country`,`Region`,`City`,`Postal_code`,`Address`,`Contact`,`Year_birth`,`Date_inscription`,`Date_reviewed`,`Date_locked`,`Id_president`,`Id_vice_president`,`Id_treasurer`,`Id_secretary`,`Latitude`,`Longitude`,`Custom_message`,`Picture_file_name`,`isPartner`) VALUES (601,'NO',427,427,'427','Groupe de Spéléologie Saint-Exupéry','CH','Canton du Valais','Vouvry',NULL,NULL,NULL,NULL,'2016-08-26 13:34:59','2016-08-26 13:35:40','2016-08-26 13:35:36',NULL,NULL,NULL,NULL,46.33638290000000000000,6.89101119999998000000,'http://www.saint-ex.ch/','st-exupery.png','YES');
INSERT INTO `T_grotto` (`Id`,`Locked`,`Id_author`,`Id_reviewer`,`Id_locker`,`Name`,`Country`,`Region`,`City`,`Postal_code`,`Address`,`Contact`,`Year_birth`,`Date_inscription`,`Date_reviewed`,`Date_locked`,`Id_president`,`Id_vice_president`,`Id_treasurer`,`Id_secretary`,`Latitude`,`Longitude`,`Custom_message`,`Picture_file_name`,`isPartner`) VALUES (602,'NO',427,427,'427','Société Cévenole de Spéléologie et de Préhistoire','FR','Gard (30)','Alès','30100','Centre Culturel André CHAMSON – 2, Place Henri Barbusse',NULL,NULL,'2016-08-26 13:39:44','2016-08-26 13:43:59','2016-08-26 13:43:55',NULL,NULL,NULL,NULL,44.12672573612356000000,4.07959699630737300000,'http://scspales.eu/','SCSPAles.jpg','YES');
INSERT INTO `T_grotto` (`Id`,`Locked`,`Id_author`,`Id_reviewer`,`Id_locker`,`Name`,`Country`,`Region`,`City`,`Postal_code`,`Address`,`Contact`,`Year_birth`,`Date_inscription`,`Date_reviewed`,`Date_locked`,`Id_president`,`Id_vice_president`,`Id_treasurer`,`Id_secretary`,`Latitude`,`Longitude`,`Custom_message`,`Picture_file_name`,`isPartner`) VALUES (604,'NO',427,427,'427','Groupe Chiroptères Languedoc-Roussillon','FR',NULL,NULL,NULL,NULL,'contact@asso-gclr.fr',NULL,'2016-08-27 10:01:12','2016-08-27 10:04:08','2016-08-27 10:04:03',NULL,NULL,NULL,NULL,0.00000000000000000000,0.00000000000000000000,'http://asso-gclr.fr','gclr.jpg','YES');
INSERT INTO `T_grotto` (`Id`,`Locked`,`Id_author`,`Id_reviewer`,`Id_locker`,`Name`,`Country`,`Region`,`City`,`Postal_code`,`Address`,`Contact`,`Year_birth`,`Date_inscription`,`Date_reviewed`,`Date_locked`,`Id_president`,`Id_vice_president`,`Id_treasurer`,`Id_secretary`,`Latitude`,`Longitude`,`Custom_message`,`Picture_file_name`,`isPartner`) VALUES (605,'NO',427,427,'427','Union Belge de Spéléologie','BE',NULL,'Namur','B-500','Avenue Arthur Procès, 5','maison@speleoubs.be',NULL,'2016-08-27 10:12:09','2016-08-27 10:14:19','2016-08-27 10:14:14',NULL,NULL,NULL,NULL,50.47302960000000000000,4.86925109999992900000,'http://speleoubs.be/','union-belge-de-spy-ly-ologie-605.gif','YES');

-- TType
-- SELECT * FROM grottoce.T_type WHERE Id IN (SELECT Id_type FROM grottoce.T_entry LEFT JOIN grottoce.J_cave_entry ON grottoce.T_entry.Id = grottoce.J_cave_entry.Id_entry WHERE Id_cave in (1, 41)) ORDER BY Id ASC;

INSERT INTO `T_type` (`Id`,`Fr_type`,`En_type`,`Es_type`,`De_type`,`Bg_type`,`Nl_type`,`Ca_type`,`It_type`) VALUES (1,'Karstique (toutes roches carbonatées)','Karstic (all carbonate rocks)','Kárstico (todas las rocas de carbonato)','Karst (alle Arten von Kalkstein)','Карст (всички карбонатни скали)','Karst (alle Calciumcarbonaat rotsen)','Càrstic (totes les roques carbonatades)','Carsico (tutte rocce carbonatiche)');
